Reel1,Reel2,Reel3,Letters,,
1,5,8,"B, I, K, P, J, H, Q, U, L, T, A, Y, S, A, S, J",861,
1,10,14,"J, U, M, J, T, U, B, B, F, N, U, W, I, D, X, E",259,2/1/2025
0,9,3,"X, L, I, X, Q, D, K, Y, O, D, H, C, Z, I, E, X",254,2/2/2025
1,4,7,"G, U, P, V, I, T, M, P, Z, B, R, P, I, X, V, D",152,2/3/2025
0,18,2,"U, U, U, V, K, U, G, U, X, W, T, L, E, Z, Z, Z",53,2/4/2025
1,7,16,"A, C, X, P, I, M, X, Q, O, W, W, R, X, R, X, C",145,2/5/2025
1,5,17,"J, F, Y, W, D, N, O, U, R, Y, J, I, F, I, G, W",246,2/6/2025
1,6,21,"A, U, Z, L, R, F, D, H, P, P, S, M, D, G, Y, N",899,2/7/2025
1,0,10,"I, O, F, L, A, P, R, G, U, P, Y, G, H, M, U, R",692,2/8/2025
0,13,21,"C, U, G, G, H, Z, E, D, P, S, X, Q, H, I, X, J",263,2/9/2025
1,4,3,"P, J, O, I, M, S, M, H, S, L, B, P, D, J, P, L",290,2/10/2025
0,2,0,"O, I, V, W, C, Y, B, X, G, G, S, I, Z, U, Z, B",137,2/11/2025
1,10,19,"U, Q, W, M, I, X, I, W, T, Q, Q, D, E, M, Y, G",136,2/12/2025
1,4,17,"A, F, P, H, T, Y, K, I, V, N, G, B, L, X, Y, O",867,2/13/2025
0,16,18,"Y, F, A, L, I, U, L, N, M, F, C, I, D, J, E, P",1146,2/14/2025
1,4,18,"I, Z, I, A, W, X, R, Z, J, Y, Z, J, D, M, E, M",255,2/15/2025
0,13,2,"X, Q, H, D, F, S, N, Z, C, J, A, K, X, V, O, R",396,2/16/2025
0,7,18,"J, R, G, R, R, E, A, R, N, O, O, V, K, X, B, F",385,2/17/2025
0,18,16,"Q, N, S, K, K, A, Z, G, H, F, L, E, N, J, X, T",477,2/18/2025
0,13,5,"N, T, V, F, G, N, W, A, Q, T, J, K, O, E, J, O",279,2/19/2025
0,4,24,"U, G, B, I, I, U, J, U, R, W, P, S, C, N, J, R",271,2/20/2025
0,24,3,"W, E, R, W, E, B, B, O, V, Z, R, Q, L, D, R, E",253,2/21/2025
0,6,0,"H, C, A, T, N, Y, H, J, T, V, Z, Y, R, L, Z, J",131,2/22/2025
0,16,22,"M, T, K, J, M, F, L, W, U, T, Z, F, W, P, F, R",42,2/23/2025
0,13,1,"A, P, A, E, J, L, L, Q, A, N, V, L, Q, D, X, D",161,2/24/2025
0,6,19,"O, H, Y, W, J, Y, N, Y, X, S, L, C, J, Q, W, K",143,2/25/2025
0,11,23,"F, L, P, U, D, B, L, B, B, B, Z, C, J, C, T, X",37,2/26/2025
0,15,10,"V, O, F, S, N, M, E, Y, M, I, O, S, W, E, K, U",657,2/27/2025
1,0,11,"X, C, A, V, M, L, C, W, J, J, J, R, Y, R, I, S",318,2/28/2025
0,15,17,"M, L, R, L, V, R, C, R, Q, J, I, H, A, J, V, N",163,3/1/2025
0,5,20,"I, S, Y, M, J, E, Z, H, V, M, A, J, P, B, V, X",359,3/2/2025
0,17,4,"X, P, N, X, X, L, E, S, C, L, A, S, V, E, L, T",745,3/3/2025
0,10,16,"Z, A, U, X, E, B, E, K, T, A, F, W, M, F, D, H",434,3/4/2025
0,21,25,"U, J, E, V, T, Z, H, W, X, T, R, Z, R, Z, M, K",92,3/5/2025
0,2,20,"H, I, I, O, S, S, W, P, W, C, M, N, T, P, X, X",485,3/6/2025
0,25,18,"U, D, K, U, G, Z, C, K, P, L, V, T, T, I, Q, M",156,3/7/2025
1,11,9,"F, W, C, Z, Z, O, F, G, M, T, S, G, I, E, B, K",494,3/8/2025
1,12,0,"J, V, W, M, B, J, O, D, L, Q, Z, J, V, A, Y, E",332,3/9/2025
0,8,14,"Y, M, V, L, X, V, T, E, P, Y, G, I, S, X, W, T",413,3/10/2025
0,0,4,"T, A, D, E, P, J, R, G, J, Z, D, H, D, F, G, L",478,3/11/2025
0,0,0,"Q, O, X, P, K, E, C, H, B, O, F, C, A, U, K, M",354,3/12/2025
1,10,3,"G, I, Q, M, Y, M, H, I, G, X, H, P, S, H, E, R",283,3/13/2025
0,25,14,"W, K, C, W, N, P, P, O, I, Q, Q, U, O, X, O, G",142,3/14/2025
1,4,2,"I, W, Z, Z, E, A, P, M, E, V, V, A, E, V, K, B",126,3/15/2025
1,0,14,"O, P, J, E, P, F, B, E, X, H, A, Q, C, D, N, A",400,3/16/2025
1,1,0,"Y, Q, J, Q, B, I, R, L, S, G, L, Y, V, T, F, O",399,3/17/2025
1,7,19,"L, Y, S, R, G, F, A, T, P, V, F, R, Z, Y, L, X",270,3/18/2025
0,24,1,"L, S, Q, T, A, I, U, Z, C, T, G, T, Z, A, W, O",575,3/19/2025
1,5,9,"L, J, Z, B, P, C, D, I, F, M, L, T, N, V, H, F",135,3/20/2025
0,6,20,"K, U, Z, R, O, P, J, U, X, N, Z, P, U, T, E, P",204,3/21/2025
0,23,15,"P, N, C, Q, N, Z, X, P, Y, K, Z, N, A, M, R, T",151,3/22/2025
0,5,1,"N, M, J, W, B, I, N, P, Y, S, T, G, R, S, R, G",296,3/23/2025
1,7,12,"K, L, N, Y, B, I, Z, K, U, S, I, P, K, F, M, D",442,3/24/2025
1,11,4,"F, T, A, Z, Y, W, A, U, H, B, Z, A, I, X, Z, N",232,3/25/2025
0,24,19,"F, E, M, R, P, H, C, R, O, X, T, C, E, E, F, C",365,3/26/2025
0,19,20,"F, Z, H, A, A, P, Y, X, W, M, R, F, D, H, N, F",207,3/27/2025
1,4,8,"B, G, B, V, S, E, A, Y, I, A, A, N, V, R, F, R",918,3/28/2025
0,20,14,"M, P, T, K, T, B, W, U, F, J, N, C, D, W, I, D",172,3/29/2025
1,5,1,"D, I, V, Q, M, T, T, R, K, H, T, U, S, A, L, E",2427,3/30/2025
0,21,5,"C, C, V, S, L, Q, O, S, Y, K, G, D, F, Z, Z, B",159,3/31/2025
0,19,14,"U, W, U, I, S, Q, Z, M, H, B, C, F, Y, P, E, P",390,4/1/2025
1,6,14,"J, M, Z, O, Q, Z, C, E, C, N, K, T, D, Z, G, J",148,4/2/2025
0,13,17,"Z, K, J, R, O, S, N, R, D, D, Q, T, P, L, V, U",342,4/3/2025
0,4,9,"I, Y, W, H, O, K, Z, N, Z, V, I, S, M, Z, C, F",323,4/4/2025
0,17,17,"H, E, R, N, G, X, P, E, H, K, Z, A, N, E, H, M",307,4/5/2025
1,6,6,"A, J, E, K, R, D, G, A, T, R, G, B, B, U, C, T",722,4/6/2025
0,6,8,"A, T, F, X, L, I, A, N, F, V, E, U, C, U, V, X",570,4/7/2025
1,6,23,"J, B, T, X, P, E, L, S, O, Z, V, Q, S, G, L, D",465,4/8/2025
1,11,14,"C, T, H, K, H, O, U, P, X, G, U, T, V, T, C, V",91,4/9/2025
1,0,13,"V, K, S, X, Y, S, O, G, T, N, N, J, N, P, D, A",449,4/10/2025
0,9,7,"Z, L, L, S, E, C, A, T, M, J, B, Z, Y, J, I, I",872,4/11/2025
1,1,22,"U, D, W, B, F, E, Y, U, L, T, D, E, N, H, L, Q",410,4/12/2025
0,6,3,"G, I, S, Y, U, P, K, S, B, P, R, Q, F, Z, D, Q",289,4/13/2025
0,3,6,"O, B, S, C, Z, A, O, E, R, F, J, P, N, C, H, M",1601,4/14/2025
0,21,12,"U, V, R, A, V, N, H, P, B, H, R, P, H, E, Q, Z",210,4/15/2025
0,8,10,"Z, D, W, B, R, N, V, Y, X, L, C, F, Q, P, B, I",102,4/16/2025
0,8,22,"I, Q, W, E, Y, A, G, O, A, V, H, K, N, Q, I, G",398,4/17/2025
0,23,23,"U, T, B, B, Q, Q, D, G, C, Y, Q, T, M, R, V, M",80,4/18/2025
0,5,24,"S, D, H, F, K, P, U, Z, D, T, X, E, J, N, X, W",333,4/19/2025
0,1,14,"L, N, A, H, Z, E, J, J, R, J, P, L, S, X, P, S",438,4/20/2025
0,8,8,"F, L, H, T, S, P, H, X, Q, H, G, V, P, I, P, S",124,4/21/2025
0,14,16,"Q, Z, G, J, E, N, K, Y, Y, K, N, K, T, D, W, E",113,4/22/2025
0,13,9,"B, M, R, B, T, Z, R, E, M, Y, M, F, P, S, K, J",167,4/23/2025
1,6,5,"J, Y, S, A, S, E, B, T, K, C, F, Y, E, S, Q, J",376,4/24/2025
0,7,11,"G, V, G, P, O, P, U, M, L, G, J, Q, R, C, B, C",135,4/25/2025
1,10,4,"Y, D, Z, P, U, Q, K, L, B, C, E, Z, U, U, N, J",201,4/26/2025
1,11,16,"D, D, S, A, S, P, K, F, N, A, P, D, L, L, L, B",213,4/27/2025
0,10,6,"I, M, R, I, C, K, B, T, W, I, D, J, J, N, W, P",125,4/28/2025
1,2,5,"O, R, U, O, T, W, H, D, G, A, F, E, B, G, Z, C",1356,4/29/2025
1,6,4,"V, W, H, Y, A, J, O, D, U, Z, R, Q, H, E, D, G",508,4/30/2025
0,2,25,"L, M, H, F, I, C, M, W, T, J, K, K, D, R, B, D",114,5/1/2025
0,19,8,"H, K, N, W, G, Y, W, J, J, W, D, H, A, F, Z, E",206,5/2/2025
0,0,5,"Z, Q, R, L, G, V, E, Q, J, B, A, J, V, X, D, N",321,5/3/2025
1,12,2,"U, X, U, T, X, I, H, D, Y, E, H, L, R, I, P, I",357,5/4/2025
0,20,9,"J, Y, G, W, J, W, G, Z, H, P, J, K, U, A, T, F",121,5/5/2025
0,7,12,"T, Y, T, Z, S, X, D, X, I, O, O, F, G, S, K, S",203,5/6/2025
0,7,1,"J, N, I, S, R, H, Y, J, U, V, F, G, W, V, E, B",680,5/7/2025
0,20,13,"P, B, L, M, N, B, Y, O, J, Z, Y, S, N, O, D, M",259,5/8/2025
0,5,17,"Q, V, S, Z, G, J, M, A, X, R, K, C, V, O, B, F",344,5/9/2025
0,21,3,"A, U, O, K, E, G, L, F, E, G, J, F, S, D, L, V",826,5/10/2025
0,7,8,"V, D, P, T, B, V, H, R, X, S, I, P, I, X, N, K",233,5/11/2025
1,8,1,"P, H, U, N, T, S, I, L, H, N, O, Q, T, O, J, Z",557,5/12/2025
0,8,7,"Q, N, A, P, B, V, F, Q, J, B, F, I, I, T, U, J",156,5/13/2025
0,24,20,"H, P, N, Q, V, C, X, M, L, K, Q, I, T, D, B, U",286,5/14/2025
1,0,21,"I, O, A, C, M, V, E, V, H, X, K, L, E, O, I, F",544,5/15/2025
0,0,12,"D, A, Q, I, U, H, A, K, Z, B, T, R, U, L, V, N",725,5/16/2025
0,20,3,"Q, O, A, Z, V, D, A, K, K, Z, X, I, X, P, V, M",101,5/17/2025
1,7,2,"X, K, M, W, V, F, X, O, N, E, O, J, K, Z, F, P",108,5/18/2025
0,17,7,"Q, Z, K, O, P, S, P, E, O, L, L, F, V, C, O, L",240,5/19/2025
1,12,8,"B, Y, I, B, N, D, L, G, V, L, L, J, B, E, J, U",370,5/20/2025
0,8,19,"T, W, B, V, H, T, R, D, U, I, U, U, A, C, L, X",441,5/21/2025
1,5,18,"P, Z, M, H, U, X, R, C, L, Q, L, Z, A, A, O, C",383,5/22/2025
1,2,2,"V, S, R, R, T, K, E, E, K, L, A, G, X, U, N, K",1526,5/23/2025
0,16,11,"I, J, M, Z, W, H, S, F, Y, I, S, E, K, D, E, O",581,5/24/2025
0,18,21,"D, B, X, I, B, S, X, U, U, M, V, O, X, V, M, L",211,5/25/2025
1,5,4,"Y, J, F, V, V, C, O, U, R, O, O, S, S, P, S, N",255,5/26/2025
0,22,10,"G, X, D, P, Z, F, F, V, I, U, H, S, E, U, W, Q",303,5/27/2025
1,4,9,"I, E, K, M, G, B, I, N, K, P, Q, K, M, C, K, E",154,5/28/2025
1,11,23,"E, B, Y, R, X, E, S, X, A, R, H, V, F, S, J, Q",418,5/29/2025
0,11,6,"X, N, J, R, H, X, K, M, C, D, U, L, F, K, Z, I",196,5/30/2025
0,23,6,"F, H, Y, G, E, C, T, T, A, N, R, O, V, H, F, R",984,5/31/2025
0,22,24,"K, K, D, G, R, F, U, E, F, O, L, E, B, L, L, Z",479,6/1/2025
0,23,7,"Y, B, V, X, E, I, O, X, A, P, F, A, J, Q, S, P",283,6/2/2025
0,10,3,"M, D, L, A, S, P, S, K, J, D, H, E, I, H, G, N",1837,6/3/2025
0,5,13,"L, G, D, F, R, U, Q, V, I, P, L, U, G, O, W, B",288,6/4/2025
1,7,17,"R, T, S, W, N, W, H, M, H, I, T, S, T, U, S, T",254,6/5/2025
0,3,5,"O, M, H, H, H, R, U, Z, Z, B, P, Y, X, R, T, Z",184,6/6/2025
0,14,9,"V, V, W, J, E, T, C, J, G, A, B, S, R, M, M, K",704,6/7/2025
1,0,19,"E, D, M, L, R, U, Z, Y, I, W, L, G, J, A, B, K",1435,6/8/2025
0,17,5,"R, U, C, P, X, D, M, H, C, T, N, R, R, N, E, V",300,6/9/2025
0,10,23,"H, S, M, V, G, W, U, T, T, A, A, O, T, E, J, C",1007,6/10/2025
0,6,14,"O, D, O, H, X, V, P, G, L, J, E, Y, L, B, M, B",420,6/11/2025
0,4,0,"A, O, O, W, T, V, Y, N, R, T, X, T, P, Y, E, E",686,6/12/2025
0,0,23,"R, B, X, Y, C, X, Q, C, V, A, G, D, U, P, R, O",325,6/13/2025
0,8,15,"R, T, J, Q, J, B, Z, O, Q, R, O, E, K, W, B, V",138,6/14/2025
0,13,7,"R, T, Q, E, I, N, B, J, J, E, B, K, F, M, W, F",297,6/15/2025
1,11,13,"Z, K, A, F, X, P, G, N, E, D, I, D, F, C, M, O",907,6/16/2025
1,3,17,"M, S, M, H, Q, F, C, A, R, A, Q, A, N, W, D, W",304,6/17/2025
0,19,7,"T, J, J, W, M, M, R, C, U, W, U, K, U, E, R, R",80,6/18/2025
0,3,22,"L, T, W, L, Y, U, B, T, Z, Y, H, T, N, D, N, K",65,6/19/2025
0,16,12,"Z, V, C, B, G, A, Q, S, J, K, U, V, T, E, O, A",652,6/20/2025
0,1,3,"P, A, Y, Q, F, F, P, K, A, G, K, D, K, C, I, L",202,6/21/2025
0,20,24,"X, O, C, N, Z, I, G, G, N, M, N, X, N, J, I, E",143,6/22/2025
0,17,10,"I, D, Z, F, W, Y, P, S, E, C, L, O, I, U, W, B",1039,6/23/2025
0,20,1,"P, T, U, X, U, R, Y, A, I, F, D, V, C, Y, L, C",538,6/24/2025
0,2,10,"E, V, C, I, X, J, T, U, M, G, F, L, T, N, D, H",831,6/25/2025
0,20,7,"Z, I, Y, T, L, X, X, L, M, W, V, H, J, A, E, W",376,6/26/2025
1,4,13,"V, A, O, Y, Z, V, B, Z, U, C, R, W, V, R, D, B",231,6/27/2025
0,21,20,"Y, U, M, S, P, I, O, H, K, E, P, Z, T, W, N, D",1983,6/28/2025
0,21,15,"Z, S, G, I, K, V, M, V, W, Z, I, K, X, D, Y, K",62,6/29/2025
1,2,21,"R, R, T, M, K, X, P, O, Z, T, O, O, L, U, U, M",165,6/30/2025
0,21,11,"Q, B, W, C, T, Q, E, A, R, V, F, Q, K, H, R, K",341,7/1/2025
1,1,18,"X, R, Z, I, H, W, E, V, C, B, K, A, Q, P, Q, E",449,7/2/2025
1,11,24,"M, A, F, A, U, D, D, Z, T, L, B, J, I, N, Y, E",1366,7/3/2025
0,6,17,"G, K, T, T, Q, F, T, J, B, B, S, P, S, U, B, S",62,7/4/2025
1,8,0,"F, H, P, W, S, G, F, M, I, U, Q, U, M, H, F, K",147,7/5/2025
0,22,12,"A, V, Q, T, D, B, J, F, W, D, I, B, I, B, K, S",220,7/6/2025
1,8,23,"L, A, I, A, M, O, X, M, I, W, V, S, R, M, Q, O",380,7/7/2025
0,22,20,"K, W, M, Q, E, G, R, A, R, E, R, N, O, E, S, F",1054,7/8/2025
0,0,19,"X, V, S, Q, X, A, X, H, M, R, C, E, F, C, F, R",312,7/9/2025
0,13,3,"Q, P, X, O, Y, J, O, X, W, B, S, Q, F, V, R, O",117,7/10/2025
1,1,21,"Q, J, L, K, P, H, N, L, C, V, T, R, V, C, Y, E",159,7/11/2025
0,1,20,"Q, M, Y, N, B, Z, A, K, L, A, V, Q, G, A, P, V",159,7/12/2025
0,23,24,"P, N, U, M, G, A, R, V, R, W, N, I, J, L, R, S",926,7/13/2025
1,1,16,"Q, S, I, F, R, H, Y, J, I, G, M, J, T, X, W, R",186,7/14/2025
0,8,5,"L, H, R, D, N, M, D, M, R, U, D, P, D, N, G, F",72,7/15/2025
0,9,15,"F, H, M, R, E, L, P, L, U, Y, L, A, R, X, N, P",680,7/16/2025
0,1,24,"J, K, C, Y, Y, I, V, F, B, G, C, Z, H, H, V, E",84,7/17/2025
0,13,15,"N, C, M, J, O, V, B, L, L, U, A, N, D, J, I, W",603,7/18/2025
0,15,25,"G, N, R, P, T, O, R, J, Q, Z, D, X, G, T, E, I",601,7/19/2025
1,12,4,"E, X, J, Z, S, W, O, N, W, R, D, Q, B, T, P, W",601,7/20/2025
1,7,24,"D, Q, A, D, J, F, U, N, C, W, H, O, R, C, B, G",486,7/21/2025
0,21,21,"U, U, H, T, T, S, M, Q, Y, Z, C, C, A, G, G, P",408,7/22/2025
0,20,23,"K, J, R, G, Y, P, L, H, B, F, M, M, G, B, O, X",138,7/23/2025
0,23,13,"A, B, M, R, G, D, Y, N, D, B, U, H, H, I, H, X",474,7/24/2025
0,9,9,"X, Z, G, L, L, K, M, Q, H, G, G, M, H, N, O, R",46,7/25/2025
0,7,20,"E, S, K, H, G, R, I, Y, N, B, B, X, X, G, W, P",619,7/26/2025
1,2,15,"D, L, B, R, W, A, P, E, W, X, C, H, W, E, V, Q",626,7/27/2025
0,2,21,"I, N, K, S, B, Q, L, K, R, K, F, A, G, G, V, Q",476,7/28/2025
0,4,7,"L, S, W, P, B, Q, B, X, N, U, C, W, Q, D, E, I",587,7/29/2025
1,3,18,"S, V, R, P, O, C, O, V, D, C, N, H, L, A, L, K",919,7/30/2025
0,5,5,"V, R, O, Y, C, Y, X, K, N, D, W, B, I, W, B, Z",222,7/31/2025
1,0,1,"P, V, L, Q, O, D, K, P, M, E, W, M, R, I, O, F",670,8/1/2025
1,8,15,"B, B, R, G, X, P, E, K, U, P, C, E, V, E, E, Q",140,8/2/2025
1,5,10,"I, Y, Q, M, P, V, S, G, T, M, Q, H, T, J, O, S",312,8/3/2025
0,12,22,"K, X, Q, M, T, N, R, S, D, J, U, H, N, I, P, U",505,8/4/2025
1,12,7,"R, C, J, Q, U, H, G, A, A, A, O, G, B, F, D, T",499,8/5/2025
0,2,7,"E, A, A, I, M, M, L, H, L, D, S, J, R, H, U, U",1222,8/6/2025
1,9,19,"I, Z, X, V, E, Y, I, X, K, L, W, N, Q, B, J, M",184,8/7/2025
0,9,20,"J, N, N, O, W, W, Z, F, K, V, K, S, V, M, R, R",67,8/8/2025
0,1,0,"R, Y, I, T, A, W, Y, P, V, O, R, U, L, T, F, M",844,8/9/2025
1,4,14,"D, F, S, I, M, L, O, I, Z, U, G, O, M, G, T, K",539,8/10/2025
1,7,1,"W, E, G, V, Z, R, X, J, M, X, P, V, Q, T, L, N",83,8/11/2025
0,17,14,"M, D, Q, K, T, O, L, Q, G, H, P, P, T, R, K, I",233,8/12/2025
0,0,24,"B, N, W, F, V, Z, G, L, J, X, C, W, Y, Q, O, L",105,8/13/2025
0,6,25,"E, Q, E, K, S, I, G, K, O, L, U, Z, X, V, I, V",277,8/14/2025
0,17,6,"F, T, W, S, X, D, E, P, E, K, G, J, R, D, Z, Q",335,8/15/2025
0,19,10,"A, Q, O, G, R, E, N, N, S, T, K, M, Y, Y, C, J",1719,8/16/2025
1,0,17,"Q, R, Q, B, D, X, N, R, Z, E, P, S, M, V, K, V",114,8/17/2025
0,1,17,"M, H, C, V, Z, L, F, J, U, N, P, D, G, W, U, I",246,8/18/2025
0,10,19,"C, X, R, E, N, K, E, M, V, A, S, J, R, Z, W, H",946,8/19/2025
0,25,12,"T, S, W, S, X, W, Z, S, Q, M, A, V, Z, E, R, M",324,8/20/2025
0,11,3,"L, R, B, B, K, B, D, D, Q, H, D, R, D, O, U, F",88,8/21/2025
0,20,15,"O, S, K, R, X, G, M, T, B, S, A, T, U, U, W, J",828,8/22/2025
0,9,23,"S, Z, Y, U, H, U, O, K, Q, V, U, P, W, R, C, M",351,8/23/2025
1,0,18,"Z, Y, F, G, X, E, E, W, O, N, O, Z, X, L, G, O",180,8/24/2025
0,8,25,"C, Z, U, W, O, K, Q, F, H, J, E, P, D, Z, C, V",180,8/25/2025
0,14,11,"S, A, P, M, O, Z, I, Q, J, M, G, M, Y, R, W, J",436,8/26/2025
0,12,9,"D, E, R, Y, C, N, J, R, V, Q, Q, G, D, F, V, G",74,8/27/2025
0,1,1,"I, O, M, Z, W, V, B, H, D, J, R, P, J, K, J, W",135,8/28/2025
0,1,19,"L, D, X, W, X, A, E, C, X, K, A, A, G, N, H, I",651,8/29/2025
0,8,2,"M, R, M, D, F, S, X, G, P, I, Q, D, A, O, N, O",983,8/30/2025
1,0,0,"C, Z, N, U, Y, M, P, V, G, E, R, W, B, J, E, H",427,8/31/2025
1,1,10,"X, Z, L, T, O, Z, N, A, N, L, Q, O, A, I, A, U",247,9/1/2025
0,20,21,"B, J, M, D, U, Z, S, Y, G, Y, F, D, U, C, V, L",114,9/2/2025
0,8,20,"J, O, X, O, Q, B, Y, P, S, A, B, T, B, X, T, J",202,9/3/2025
1,6,2,"P, A, Q, U, C, O, P, S, U, W, P, R, L, R, J, L",429,9/4/2025
0,14,5,"S, H, K, A, I, T, I, X, Q, X, Z, M, K, Y, U, X",257,9/5/2025
0,1,6,"D, R, M, D, T, Q, O, J, F, U, K, M, F, U, I, F",147,9/6/2025
0,15,22,"D, U, B, H, Q, B, R, I, N, N, I, P, J, K, V, F",145,9/7/2025
0,11,21,"K, C, X, M, Z, F, F, Q, P, H, Q, D, S, E, H, R",131,9/8/2025
0,8,6,"X, A, S, G, U, P, L, H, O, S, M, J, C, U, T, L",1124,9/9/2025
0,16,0,"J, C, Z, Z, S, F, U, E, S, Y, U, V, F, S, Q, F",56,9/10/2025
0,17,25,"M, I, R, Y, K, R, F, A, Y, L, R, P, M, W, R, I",228,9/11/2025
1,10,13,"S, M, G, C, N, Q, I, B, V, Z, M, L, W, T, P, N",191,9/12/2025
0,4,17,"S, X, C, N, U, M, N, G, O, A, N, P, S, D, K, M",616,9/13/2025
1,8,6,"K, D, P, H, G, Y, I, M, O, Y, J, V, Z, R, F, G",190,9/14/2025
0,14,12,"I, M, X, D, J, J, C, Y, F, W, D, Z, O, D, G, H",111,9/15/2025
0,3,3,"K, I, K, Q, H, Y, P, Q, N, T, L, D, F, R, Y, R",132,9/16/2025
0,4,21,"C, Q, T, S, A, O, F, B, N, K, W, F, M, H, Z, I",1097,9/17/2025
1,11,25,"X, P, P, F, A, K, C, O, B, D, E, D, H, G, M, M",448,9/18/2025
1,4,5,"E, G, U, D, Z, S, T, L, W, H, D, Y, N, U, V, E",719,9/19/2025
1,5,20,"V, H, V, O, A, G, F, C, W, B, S, K, B, G, W, G",208,9/20/2025
1,11,15,"G, J, P, B, E, E, X, N, T, T, B, L, N, S, E, Z",248,9/21/2025
1,3,4,"T, X, V, D, W, H, S, T, O, V, G, Z, T, U, O, G",173,9/22/2025
1,8,9,"W, U, S, H, H, F, G, L, S, K, F, L, Z, E, V, A",506,9/23/2025
0,5,23,"N, T, Z, X, F, K, C, T, E, K, J, H, Y, X, M, Y",79,9/24/2025
0,24,14,"F, H, O, I, X, K, Q, P, N, I, R, I, P, X, Y, V",122,9/25/2025
0,17,23,"V, Z, O, U, Y, G, O, E, X, M, C, M, W, Y, E, X",104,9/26/2025
0,14,0,"P, L, A, K, H, G, Q, R, Y, N, Z, J, V, A, K, P",229,9/27/2025
1,7,11,"O, P, G, S, W, X, T, I, T, B, O, R, E, L, C, D",2406,9/28/2025
0,1,18,"A, R, G, B, T, Y, S, Y, Q, H, Y, Y, U, Q, H, J",307,9/29/2025
0,13,20,"L, D, I, K, L, U, I, R, H, G, H, C, C, F, V, Y",222,9/30/2025
1,0,12,"Z, M, R, V, O, L, M, I, O, X, M, B, V, C, R, M",111,10/1/2025
1,7,0,"M, I, N, W, W, U, M, I, K, B, N, I, H, O, P, T",268,10/2/2025
1,3,5,"Z, O, P, A, C, C, Z, G, V, R, I, X, G, N, G, W",352,10/3/2025
0,20,12,"Q, F, N, L, Z, N, G, S, F, E, J, G, N, R, I, A",795,10/4/2025
0,4,1,"I, T, Y, V, F, A, D, L, U, S, N, Q, Y, Y, N, I",613,10/5/2025
1,0,15,"P, Y, H, O, Y, M, V, J, M, A, I, E, M, Y, P, X",184,10/6/2025
0,1,8,"O, P, K, R, N, M, L, B, I, K, F, V, U, Z, W, A",824,10/7/2025
0,0,10,"X, U, K, M, M, P, T, B, V, G, D, G, G, G, Y, J",61,10/8/2025
1,6,19,"D, V, J, L, U, S, T, W, W, O, X, P, W, H, J, V",223,10/9/2025
0,16,23,"E, E, B, S, M, V, O, R, W, R, F, F, H, G, G, L",779,10/10/2025
0,24,13,"B, E, V, Y, S, C, O, O, X, I, I, L, O, O, V, E",304,10/11/2025
0,18,25,"C, N, L, D, A, K, M, V, U, S, Q, X, S, D, K, V",262,10/12/2025
0,17,8,"K, G, V, Y, P, H, Y, I, V, Q, T, A, O, X, U, O",252,10/13/2025
1,10,11,"O, A, S, K, U, O, M, B, E, T, B, B, K, K, L, F",910,10/14/2025
0,23,3,"V, S, O, J, Q, O, N, Y, R, B, A, S, R, W, J, U",417,10/15/2025
0,11,0,"Q, O, M, J, V, S, I, C, Z, L, N, B, T, M, A, Q",808,10/16/2025
0,22,15,"R, U, P, K, W, Z, F, F, U, S, P, Y, K, O, A, T",558,10/17/2025
0,14,15,"Z, I, B, M, Z, D, V, Y, U, A, E, P, B, G, C, Y",418,10/18/2025
1,1,24,"F, V, T, H, D, V, B, D, S, U, P, X, D, J, T, V",67,10/19/2025
1,6,17,"H, D, A, L, W, K, Q, T, E, B, X, A, W, M, J, Z",392,10/20/2025
0,19,4,"S, J, D, U, B, L, R, K, L, M, B, L, N, E, V, L",463,10/21/2025
1,9,11,"K, V, A, U, N, N, O, G, F, P, B, V, Z, N, S, R",561,10/22/2025
0,3,17,"H, N, X, Z, I, C, L, Z, Z, F, D, K, S, Y, M, K",203,10/23/2025
0,6,4,"Z, B, B, Q, N, R, Z, B, U, T, J, T, X, U, W, W",32,10/24/2025
1,1,8,"K, B, L, B, V, O, H, N, L, Z, K, U, L, G, H, J",84,10/25/2025
0,19,23,"G, H, C, G, O, O, E, P, Q, H, B, A, W, H, G, W",147,10/26/2025
0,19,6,"E, R, B, O, G, B, I, E, V, Z, J, Y, F, S, N, P",1159,10/27/2025
0,3,9,"I, I, I, U, Z, J, F, X, V, E, R, I, K, F, F, F",63,10/28/2025
1,2,14,"G, F, O, V, Z, D, I, X, M, M, D, T, T, L, Y, H",220,10/29/2025
0,21,8,"Q, V, O, S, H, G, X, M, W, Z, X, Z, X, L, H, T",101,10/30/2025
0,15,16,"V, B, R, Q, A, C, K, R, C, S, R, Q, C, G, P, A",164,10/31/2025
0,24,22,"Q, C, X, T, E, P, Q, G, F, Y, X, F, Z, F, U, Y",52,11/1/2025
0,7,14,"Z, H, W, D, Q, R, J, U, C, K, W, A, S, J, Q, Y",280,11/2/2025
0,1,13,"M, X, V, O, J, Y, E, C, Q, V, S, L, T, C, W, F",355,11/3/2025
0,23,0,"R, O, R, J, G, P, F, F, M, O, R, N, W, F, A, F",199,11/4/2025
0,3,4,"Y, C, N, X, T, R, Z, D, M, P, S, T, A, M, S, V",427,11/5/2025
1,3,7,"N, R, W, W, B, O, K, P, B, F, X, J, V, T, K, E",258,11/6/2025
0,4,16,"U, W, R, N, P, O, V, K, V, U, I, A, L, M, R, W",505,11/7/2025
0,12,20,"G, F, J, E, U, O, H, J, S, K, D, E, L, E, A, Z",810,11/8/2025
1,5,13,"A, N, N, Z, M, E, W, E, Q, B, W, H, F, P, U, U",194,11/9/2025
0,23,18,"O, V, G, V, W, Z, G, J, B, L, M, Y, C, L, Y, E",181,11/10/2025
0,9,24,"U, C, T, Q, O, F, W, D, N, F, H, E, H, O, Q, P",419,11/11/2025
1,7,5,"D, R, Z, U, Y, J, T, R, N, M, V, S, F, T, E, A",1419,11/12/2025
0,23,11,"T, E, O, E, M, C, D, R, P, L, C, L, V, R, V, Y",728,11/13/2025
0,7,5,"W, D, U, G, R, B, U, T, R, L, R, R, L, E, S, C",577,11/14/2025
0,18,12,"P, N, F, O, S, F, Z, J, O, X, F, E, P, Q, F, N",107,11/15/2025
0,18,23,"M, O, P, Y, T, T, I, H, N, G, Y, Y, M, F, K, V",239,11/16/2025
0,3,23,"C, X, S, O, Y, V, N, A, K, G, K, L, D, X, C, U",611,11/17/2025
1,5,7,"B, Z, K, J, Y, Z, G, T, G, O, X, Y, N, Y, I, L",210,11/18/2025
0,7,17,"S, I, E, S, J, G, G, K, C, K, V, G, K, K, P, R",239,11/19/2025
0,6,7,"V, C, C, P, L, N, R, A, R, H, I, L, W, G, W, W",339,11/20/2025
1,2,10,"D, O, E, E, Y, Q, K, J, O, M, Q, Q, K, Q, I, Z",91,11/21/2025
0,3,0,"D, T, L, P, K, I, N, U, J, V, B, T, H, N, W, E",621,11/22/2025
0,18,0,"U, H, P, O, O, S, F, X, Y, F, E, J, T, G, C, V",640,11/23/2025
1,5,21,"J, G, H, L, M, E, T, A, Y, Q, D, L, M, E, F, N",659,11/24/2025
0,19,5,"C, L, W, K, R, J, S, Z, G, K, N, D, N, A, S, F",332,11/25/2025
0,19,16,"G, E, V, I, L, L, W, K, S, S, K, N, T, X, P, R",1131,11/26/2025
0,12,17,"T, I, Z, G, H, D, R, S, O, W, L, D, P, L, O, H",748,11/27/2025
0,11,9,"J, O, I, S, E, G, P, G, S, D, X, F, L, O, J, Z",595,11/28/2025
1,7,22,"R, U, H, J, S, O, A, B, I, I, I, Y, B, I, V, Z",350,11/29/2025
0,10,15,"M, U, C, G, I, U, R, E, K, N, W, P, E, E, S, X",1143,11/30/2025
0,1,4,"Y, U, P, J, F, S, S, T, Q, C, A, U, H, Z, C, V",277,12/1/2025
0,16,9,"Y, W, E, B, Y, X, P, A, D, W, T, X, A, Q, X, L",281,12/2/2025
0,3,20,"E, O, Z, A, V, F, A, S, A, U, W, E, J, P, Q, M",311,12/3/2025
1,1,15,"S, Y, P, Y, K, U, Q, H, C, Q, C, O, L, I, K, L",409,12/4/2025
0,6,9,"X, Y, O, Z, J, S, F, N, B, T, B, K, G, Q, H, A",471,12/5/2025
0,15,4,"Q, H, U, B, M, W, V, Z, C, D, M, J, M, R, I, O",212,12/6/2025
0,17,18,"N, O, A, O, W, J, C, E, Z, M, F, K, E, L, B, J",574,12/7/2025
0,25,4,"G, C, B, Z, X, B, A, K, F, E, E, H, L, O, H, I",498,12/8/2025
0,19,12,"G, P, O, N, P, J, Y, E, Z, Y, O, E, Y, Q, V, C",127,12/9/2025
1,9,17,"Y, B, A, X, O, S, Q, V, Y, C, D, H, A, Z, O, V",228,12/10/2025
0,15,2,"R, M, Q, I, B, C, U, P, J, R, R, I, C, I, H, Y",122,12/11/2025
1,5,12,"I, H, L, A, T, O, N, I, M, W, O, C, I, Z, F, K",744,12/12/2025
0,15,6,"G, Z, Z, S, B, W, K, P, E, F, Z, I, P, E, M, M",215,12/13/2025
0,8,4,"G, F, T, F, I, T, K, J, A, F, N, K, O, F, G, P",240,12/14/2025
1,11,12,"N, M, P, S, S, N, W, L, W, B, W, L, O, M, N, Q",92,12/15/2025
0,9,21,"X, N, S, O, L, V, A, A, S, N, M, F, U, W, J, Z",400,12/16/2025
0,12,8,"C, H, L, J, X, O, N, S, L, V, N, R, C, Z, X, S",81,12/17/2025
1,9,21,"L, O, K, K, K, A, C, L, T, J, X, K, N, G, W, B",266,12/18/2025
1,7,21,"G, U, Q, A, M, V, K, R, S, J, C, U, X, B, R, F",314,12/19/2025
0,14,24,"Z, D, I, I, H, M, J, C, S, T, D, Y, Y, E, T, O",674,12/20/2025
0,20,8,"T, C, J, M, Q, B, C, V, J, X, H, T, X, A, I, P",140,12/21/2025
0,20,25,"M, H, U, U, J, E, H, K, Y, Q, L, V, U, Y, D, N",114,12/22/2025
0,18,3,"T, U, N, J, J, G, W, A, P, E, M, C, U, I, Y, X",697,12/23/2025
0,4,15,"P, H, U, L, R, G, J, B, W, R, V, J, N, X, Y, Z",87,12/24/2025
0,13,14,"F, B, K, X, D, F, N, M, R, B, A, Z, J, S, Z, M",155,12/25/2025
0,11,2,"G, N, Z, N, M, F, A, T, E, E, G, B, C, J, Z, N",231,12/26/2025
0,1,11,"N, G, L, F, A, T, K, I, M, B, U, P, O, C, H, Q",1740,12/27/2025
0,4,23,"H, S, L, K, E, S, J, B, A, G, E, H, D, Z, J, F",556,12/28/2025
0,19,18,"E, Z, Q, M, U, Q, L, P, K, Q, E, O, M, D, Q, Z",160,12/29/2025
0,24,10,"D, R, Z, S, U, Z, K, O, R, X, M, K, Z, P, W, L",209,12/30/2025
1,8,8,"U, S, B, H, O, Z, I, M, L, R, H, G, I, B, N, U",707,12/31/2025
0,16,19,"J, L, I, B, T, D, N, Z, A, P, G, J, L, C, K, P",390,1/1/2026
0,10,10,"V, K, U, K, M, G, W, L, M, A, H, V, N, C, R, W",250,1/2/2026
0,14,3,"Z, D, S, T, I, W, U, X, X, U, W, U, L, G, Y, I",145,1/3/2026
1,8,3,"L, A, C, U, W, V, Z, V, E, F, T, G, L, E, M, Z",392,1/4/2026
0,3,24,"K, E, V, J, O, B, P, G, J, C, H, H, T, P, C, M",161,1/5/2026
1,3,3,"U, R, L, C, Q, F, N, X, J, G, Z, Q, Z, K, J, E",146,1/6/2026
1,10,0,"Z, F, B, A, G, M, I, U, V, P, D, E, A, R, K, W",973,1/7/2026
0,0,15,"Q, W, G, E, P, E, L, V, V, R, I, G, F, G, I, Q",193,1/8/2026
0,9,10,"M, A, E, W, U, V, Y, C, D, V, S, M, G, D, Y, G",388,1/9/2026
1,9,7,"L, O, J, O, P, V, U, O, A, O, L, B, K, V, D, R",281,1/10/2026
0,10,18,"Q, Z, G, J, S, A, F, J, Z, O, X, J, T, J, V, A",89,1/11/2026
1,3,10,"H, R, R, T, G, Q, E, Q, P, Y, C, P, R, B, N, N",119,1/12/2026
1,2,8,"S, B, H, L, K, K, Z, Y, Q, H, R, P, O, J, C, V",190,1/13/2026
0,7,22,"I, L, M, N, C, T, D, A, B, C, L, N, P, F, D, P",320,1/14/2026
0,6,24,"I, M, G, W, H, Y, D, G, S, Y, G, W, Q, X, T, Z",113,1/15/2026
0,5,9,"N, W, O, M, D, L, O, G, U, T, M, O, B, T, Z, H",328,1/16/2026
0,16,21,"T, Q, S, F, H, Y, V, W, W, J, S, S, G, O, S, Q",87,1/17/2026
0,12,1,"H, E, V, Q, L, B, A, V, C, O, S, R, L, X, W, T",1739,1/18/2026
1,6,24,"H, Q, A, N, G, V, B, T, J, M, I, A, G, O, M, K",451,1/19/2026
0,13,24,"B, T, C, Y, V, R, J, H, K, S, O, S, R, I, H, M",562,1/20/2026
0,9,5,"M, L, P, T, D, F, R, P, K, Y, M, Y, F, N, O, X",167,1/21/2026
0,9,16,"T, Y, Q, P, G, U, R, G, U, Y, C, L, B, N, F, A",486,1/22/2026
1,3,24,"S, G, N, C, T, R, H, T, Y, I, R, F, A, Y, R, B",941,1/23/2026
0,17,24,"W, W, A, P, C, B, K, V, Y, M, W, J, J, V, V, Y",55,1/24/2026
0,4,13,"K, R, B, F, M, B, J, C, N, J, N, Y, O, T, Q, A",431,1/25/2026
0,12,12,"W, S, M, Y, I, H, V, V, Z, Z, B, A, V, G, L, H",283,1/26/2026
0,20,16,"A, O, Y, N, S, H, Y, X, X, N, P, Z, P, G, S, K",314,1/27/2026
0,24,7,"Q, G, S, R, J, F, C, E, D, X, R, V, H, O, U, L",967,1/28/2026
1,7,13,"T, I, G, Z, H, C, O, E, N, U, M, C, O, A, W, O",1049,1/29/2026
0,1,22,"K, O, D, E, S, E, G, O, K, N, G, J, T, G, P, H",625,1/30/2026
1,9,6,"H, S, D, H, H, L, C, O, Q, L, V, O, T, C, L, F",160,1/31/2026
0,9,25,"P, H, U, O, N, S, K, C, C, A, N, S, V, F, K, S",402,2/1/2026
1,7,6,"J, R, I, X, H, K, C, L, C, X, C, Z, N, Q, N, P",65,2/2/2026
0,12,4,"U, I, L, U, F, N, Y, L, S, T, C, D, D, M, V, B",507,2/3/2026
1,2,11,"Z, L, G, V, X, C, V, Q, C, A, T, M, K, E, F, Q",201,2/4/2026
0,24,8,"T, X, U, R, H, L, H, H, M, F, V, J, T, J, I, Z",83,2/5/2026
1,0,24,"S, Z, S, V, I, M, M, A, Q, K, C, R, A, W, O, W",457,2/6/2026
1,1,11,"G, E, F, F, N, A, T, O, A, A, B, F, W, U, H, O",456,2/7/2026
1,11,0,"H, F, C, H, M, Z, M, T, O, J, Y, N, V, Z, J, G",67,2/8/2026
0,10,11,"A, M, Q, F, N, Y, C, F, M, G, D, M, W, J, D, X",82,2/9/2026
0,8,3,"T, X, Q, V, S, N, L, Y, I, G, O, C, S, N, T, V",389,2/10/2026
0,17,20,"M, Q, P, J, A, W, B, I, M, Y, E, R, T, I, C, H",844,2/11/2026
0,11,15,"G, D, Y, E, E, T, T, Q, E, A, U, M, D, I, J, C",484,2/12/2026
1,10,9,"M, X, O, P, U, R, R, E, U, P, D, O, J, P, H, B",377,2/13/2026
1,3,13,"A, F, H, H, M, P, S, T, D, W, C, U, C, J, B, O",871,2/14/2026
0,4,22,"L, N, C, X, C, B, B, F, R, C, H, G, N, K, E, W",86,2/15/2026
1,5,16,"P, A, E, Q, U, I, P, F, Q, Q, H, N, M, Q, U, I",161,2/16/2026
0,7,24,"L, L, Z, G, Z, U, O, C, C, B, J, N, J, X, X, F",77,2/17/2026
0,24,17,"D, R, Y, C, S, I, I, Z, V, Q, E, C, N, V, J, N",322,2/18/2026
1,9,10,"C, S, O, Z, W, K, X, W, M, N, P, O, B, S, C, N",207,2/19/2026
0,25,8,"F, D, O, V, M, A, T, Z, T, P, S, S, D, R, J, E",1403,2/20/2026
0,6,2,"C, P, U, D, J, W, P, Z, O, L, U, H, U, M, G, F",177,2/21/2026
1,0,20,"Q, F, P, J, N, P, K, C, H, N, B, E, K, U, V, G",98,2/22/2026
1,2,6,"U, Y, Q, F, B, U, N, S, Y, H, A, K, Q, Q, R, U",265,2/23/2026
1,11,22,"F, A, P, Q, P, C, L, Q, F, I, T, U, J, X, T, J",174,2/24/2026
0,15,14,"C, H, H, C, M, W, W, I, G, K, T, Q, A, G, Z, Z",136,2/25/2026
0,14,19,"I, Z, I, H, B, Y, U, I, G, A, K, C, P, B, V, B",155,2/26/2026
0,23,12,"V, K, O, K, Z, O, A, K, E, D, J, Q, A, H, W, D",154,2/27/2026
0,3,1,"K, K, G, S, I, L, V, M, P, T, X, R, W, H, H, J",238,2/28/2026
0,18,5,"H, N, W, Y, W, H, X, I, P, T, W, Z, X, M, L, V",89,3/1/2026
0,9,6,"G, R, B, I, L, M, N, M, Y, T, Q, K, D, V, T, P",223,3/2/2026
0,21,14,"H, A, F, H, Z, M, K, H, V, P, O, S, P, Z, Q, J",128,3/3/2026
0,25,19,"J, U, O, H, H, S, X, Q, Z, Y, N, Y, Y, Y, K, L",100,3/4/2026
1,4,6,"H, P, U, X, G, I, B, D, L, G, C, I, Q, C, R, K",193,3/5/2026
0,10,8,"J, K, M, P, O, V, B, Q, D, N, Y, L, C, Y, C, O",180,3/6/2026
0,12,25,"X, T, T, C, M, R, A, E, X, E, J, A, Q, B, F, F",324,3/7/2026
0,9,13,"U, M, K, G, Z, A, S, V, F, I, M, T, B, S, J, T",430,3/8/2026
0,22,0,"N, H, O, P, I, J, D, R, A, N, A, M, X, K, D, J",488,3/9/2026
0,2,11,"J, P, Z, O, H, W, W, P, S, O, E, K, O, D, Y, U",415,3/10/2026
0,1,5,"I, Z, M, R, O, S, J, L, C, L, I, G, T, Q, S, C",370,3/11/2026
0,25,3,"C, U, Y, L, Q, V, S, X, L, S, A, L, Q, S, B, Z",138,3/12/2026
1,3,25,"P, G, H, Z, D, F, B, K, O, H, V, L, G, E, Q, R",325,3/13/2026
0,19,22,"A, W, K, I, C, B, I, C, V, T, F, J, G, D, V, S",341,3/14/2026
0,15,15,"I, E, D, B, O, R, W, T, J, Y, E, L, M, C, R, X",1233,3/15/2026
1,8,18,"Q, J, Q, P, B, V, O, K, Z, W, M, W, Y, L, O, L",93,3/16/2026
0,4,2,"H, Z, Q, N, R, S, T, V, S, I, B, D, K, K, N, C",249,3/17/2026
0,25,11,"Q, L, S, O, R, V, E, H, N, D, S, X, M, S, P, Q",703,3/18/2026
1,8,20,"K, Z, F, V, T, M, R, T, P, Z, D, S, I, W, Y, O",488,3/19/2026
0,10,7,"K, Q, G, L, K, V, E, U, Y, C, J, W, S, T, F, I",595,3/20/2026
0,3,2,"I, O, W, T, L, D, A, F, S, Z, B, B, P, F, M, V",913,3/21/2026
0,24,16,"Q, G, U, Q, G, B, B, R, J, F, U, L, X, Y, U, G",58,3/22/2026
0,19,17,"Q, Z, H, M, E, I, Z, S, H, J, S, N, T, D, K, O",768,3/23/2026
1,4,15,"Y, B, J, Z, W, J, Q, E, W, F, X, S, D, N, M, I",268,3/24/2026
1,3,14,"Q, A, A, W, B, T, K, U, F, C, Y, C, R, Z, F, U",232,3/25/2026
0,17,22,"M, X, A, T, K, Z, S, S, A, I, M, Y, K, O, W, H",566,3/26/2026
1,6,0,"Q, J, D, O, A, N, X, D, H, I, W, P, Z, Y, M, R",524,3/27/2026
0,2,13,"L, J, S, B, L, C, E, M, G, Q, N, R, M, V, G, Q",85,3/28/2026
0,10,17,"C, M, Y, B, M, K, A, L, K, L, H, G, N, R, W, O",735,3/29/2026
0,8,23,"J, D, W, R, N, B, P, Z, N, W, O, L, W, K, T, L",120,3/30/2026
0,24,12,"K, I, P, M, Y, N, V, S, Q, Y, E, N, E, N, O, B",501,3/31/2026
0,15,1,"H, E, I, T, K, L, I, E, U, G, X, P, P, M, Q, D",537,4/1/2026
0,12,2,"Q, Y, Z, Z, N, W, M, U, A, U, J, G, J, K, P, M",133,4/2/2026
1,4,4,"H, T, X, C, K, U, B, T, P, L, O, A, C, J, Z, R",605,4/3/2026
0,3,13,"K, Q, N, Q, G, Q, Z, O, L, G, P, D, Q, I, G, P",115,4/4/2026
0,3,15,"T, S, A, U, D, C, P, Y, Z, Q, B, C, H, J, M, R",842,4/5/2026
0,13,23,"F, Z, H, T, G, O, A, R, P, P, B, M, Z, Y, G, W",425,4/6/2026
0,11,7,"D, Z, Z, C, F, G, M, W, I, N, Q, U, Q, C, T, T",115,4/7/2026
0,17,1,"G, T, B, D, I, D, G, K, F, M, S, H, J, V, I, J",134,4/8/2026
0,5,6,"J, D, O, G, O, J, Z, U, B, Q, A, Y, O, Q, M, I",210,4/9/2026
0,3,11,"C, G, Q, X, G, V, Q, G, T, W, F, X, W, E, S, R",70,4/10/2026
1,10,1,"S, Q, I, X, V, O, E, W, J, G, T, J, I, V, E, D",357,4/11/2026
0,18,18,"S, W, F, P, F, S, Y, I, X, U, F, E, Y, M, O, Q",323,4/12/2026
0,4,4,"U, G, X, I, H, D, S, Z, Y, X, Z, K, G, Z, W, P",135,4/13/2026
0,16,8,"R, H, F, W, H, X, R, M, T, P, V, A, B, P, M, Q",103,4/14/2026
0,21,18,"F, R, N, C, P, K, T, T, E, C, P, X, J, K, P, M",74,4/15/2026
1,0,23,"X, E, A, G, T, A, D, H, B, A, E, R, O, Q, R, D",698,4/16/2026
1,0,4,"L, J, F, A, C, A, D, L, X, R, Q, S, T, W, S, U",533,4/17/2026
0,11,11,"X, M, V, D, W, V, Z, J, G, E, R, R, P, N, Y, Z",109,4/18/2026
1,7,25,"E, B, V, B, O, E, Q, P, Q, B, I, P, F, C, W, S",199,4/19/2026
0,25,9,"F, P, T, S, M, Q, W, Z, L, Z, G, K, Q, O, C, Y",235,4/20/2026
0,1,7,"L, G, C, U, Q, K, X, P, C, Y, J, H, B, Q, T, O",243,4/21/2026
0,6,11,"Z, N, F, U, L, N, G, W, P, G, P, E, P, M, V, L",122,4/22/2026
1,8,16,"U, L, W, W, S, L, Z, Q, B, M, Q, A, W, J, V, N",143,4/23/2026
0,22,21,"A, H, K, G, O, W, U, K, I, U, O, Q, N, N, X, J",228,4/24/2026
0,19,9,"H, Z, O, T, T, L, W, D, G, O, A, U, O, B, X, F",424,4/25/2026
0,0,14,"B, U, Y, B, P, B, T, U, C, K, M, B, A, I, Y, U",173,4/26/2026
0,12,19,"P, H, Z, D, W, A, T, T, R, Q, C, C, A, H, P, I",298,4/27/2026
0,4,12,"A, W, Q, W, N, M, T, I, Q, N, A, O, O, O, R, V",306,4/28/2026
0,8,13,"K, H, A, T, R, C, J, B, L, B, A, I, A, H, K, C",369,4/29/2026
0,2,17,"I, R, W, Z, W, L, A, J, J, N, B, X, O, L, D, T",534,4/30/2026
0,1,25,"A, W, Q, W, Z, Y, P, U, Q, Z, A, D, D, D, F, L",98,5/1/2026
0,8,16,"Q, C, N, T, E, Z, O, I, Y, L, F, I, R, P, N, C",917,5/2/2026
0,11,18,"P, H, Y, R, J, Y, A, R, K, T, L, C, I, M, E, G",1572,5/3/2026
0,2,9,"O, U, W, Y, Z, F, O, U, M, C, K, M, I, W, R, O",144,5/4/2026
1,3,19,"E, G, A, O, F, I, P, P, Z, O, W, W, R, U, D, M",904,5/5/2026
0,0,22,"M, W, Q, N, O, U, N, Z, Q, X, F, E, Y, V, D, E",244,5/6/2026
0,21,13,"A, W, O, H, Q, A, U, R, R, A, W, G, O, O, F, A",103,5/7/2026
0,10,1,"V, O, P, K, R, K, U, S, K, M, X, A, F, B, W, E",931,5/8/2026
1,9,23,"T, E, V, E, X, T, E, E, O, T, S, R, Q, K, X, F",285,5/9/2026
1,9,9,"D, E, T, N, E, C, G, L, T, Z, K, F, Z, T, P, D",201,5/10/2026
1,10,16,"F, U, S, R, S, S, B, I, Z, B, P, H, R, V, A, D",464,5/11/2026
0,21,9,"I, R, P, R, L, Q, B, P, C, D, B, M, M, P, E, I",294,5/12/2026
0,4,14,"C, Z, E, K, B, S, X, P, H, I, Y, F, E, E, Y, C",282,5/13/2026
0,23,10,"X, N, V, S, Q, P, B, K, R, U, A, C, X, J, I, S",653,5/14/2026
0,5,3,"M, N, M, L, E, L, E, X, Q, P, F, M, T, U, B, U",214,5/15/2026
0,16,2,"G, S, J, F, Y, K, U, A, S, M, A, B, Q, Z, A, Y",205,5/16/2026
0,19,13,"Y, U, H, B, L, Q, V, L, A, X, Q, E, L, C, H, U",183,5/17/2026
0,12,7,"S, B, N, L, Z, E, H, E, Z, L, N, P, U, X, T, K",474,5/18/2026
0,17,15,"D, H, Q, C, H, W, G, H, F, D, A, D, R, Q, C, D",45,5/19/2026
1,12,1,"U, M, B, O, S, F, S, J, I, Q, K, L, P, F, T, C",869,5/20/2026
0,19,0,"H, J, H, K, G, B, O, F, X, H, F, I, L, V, U, X",101,5/21/2026
1,1,25,"J, Z, E, J, F, N, D, D, U, D, H, N, U, G, C, F",94,5/22/2026
0,16,10,"N, D, F, U, G, S, C, Z, N, M, N, B, E, G, X, K",295,5/23/2026
0,14,14,"E, G, G, K, B, K, F, Z, Q, K, A, O, C, M, S, S",325,5/24/2026
0,7,13,"F, G, E, C, D, P, E, Q, N, I, V, Z, L, E, G, B",404,5/25/2026
0,2,16,"I, M, W, K, S, F, Z, V, Y, K, F, U, V, Y, H, K",78,5/26/2026
0,13,25,"H, C, R, X, Y, Y, M, U, L, E, X, J, O, X, Q, V",259,5/27/2026
0,8,18,"N, Y, B, U, J, W, F, Y, O, L, M, D, O, K, D, Y",233,5/28/2026
0,8,0,"K, A, Y, P, O, G, Z, Q, T, K, X, G, O, D, X, J",135,5/29/2026
0,6,22,"F, D, E, L, R, J, O, V, U, C, D, U, J, K, Q, A",652,5/30/2026
0,18,17,"R, E, F, Y, N, S, Q, L, A, R, A, W, C, M, Q, S",931,5/31/2026
0,13,6,"K, L, S, Y, M, O, D, D, D, V, F, H, H, W, T, I",434,6/1/2026
0,25,17,"T, G, Y, Z, N, B, N, D, K, Y, W, O, W, W, H, R",169,6/2/2026
0,12,3,"J, U, F, E, V, I, T, O, G, Q, D, R, J, B, T, K",642,6/3/2026
0,11,1,"G, M, A, F, E, P, W, V, C, U, R, Q, G, N, J, T",722,6/4/2026
0,4,5,"C, B, A, D, K, P, E, G, A, E, P, S, X, T, W, Z",737,6/5/2026
0,22,9,"Y, I, D, L, Y, Q, Q, T, K, B, G, W, S, H, Z, T",178,6/6/2026
0,16,17,"C, I, B, X, V, E, Q, M, V, E, Q, T, Q, Q, S, X",149,6/7/2026
0,4,19,"Y, E, Y, K, U, G, L, I, U, H, R, J, F, Z, Z, D",383,6/8/2026
1,3,0,"M, C, O, I, V, I, L, K, L, Y, N, C, J, G, L, P",333,6/9/2026
1,1,3,"C, W, V, J, U, C, C, I, R, Q, N, P, E, Q, P, I",162,6/10/2026
0,21,24,"W, J, E, C, R, Q, C, M, K, A, N, Q, D, D, I, V",624,6/11/2026
0,17,9,"H, X, U, E, P, R, A, M, F, K, M, G, G, D, Y, L",997,6/12/2026
0,23,20,"G, K, O, I, H, Y, C, C, X, F, S, P, H, U, Z, D",422,6/13/2026
1,4,10,"G, Z, B, H, Q, G, D, H, I, V, I, S, V, R, E, A",686,6/14/2026
0,1,10,"V, A, J, R, V, O, I, E, Z, J, Y, S, E, J, G, V",437,6/15/2026
0,13,10,"L, I, F, S, B, E, R, Y, O, C, V, T, G, I, L, M",1945,6/16/2026
0,9,11,"J, L, N, G, Y, L, Q, R, A, B, C, O, J, Y, I, I",601,6/17/2026
0,7,16,"U, G, I, L, I, P, U, P, F, P, H, I, J, M, D, L",123,6/18/2026
1,3,22,"W, M, I, W, W, P, L, H, Z, V, P, B, I, D, E, S",412,6/19/2026
1,6,20,"Z, M, Q, Q, P, G, M, Y, R, R, U, A, X, V, C, B",188,6/20/2026
1,4,25,"U, K, L, B, M, L, Z, W, H, Q, L, R, C, N, W, Y",103,6/21/2026
0,19,25,"A, E, L, T, Z, L, V, U, E, W, B, V, L, D, C, M",554,6/22/2026
1,10,22,"V, X, A, A, E, J, G, J, T, Q, F, A, J, X, V, M",67,6/23/2026
0,21,1,"X, D, Y, X, L, Q, N, K, A, A, X, H, J, L, R, P",202,6/24/2026
0,2,4,"P, T, I, S, K, F, B, P, Y, J, D, C, R, F, Y, A",717,6/25/2026
1,8,14,"D, J, X, Z, J, U, Z, F, J, S, I, D, K, Z, M, W",58,6/26/2026
0,21,7,"E, D, S, D, C, E, N, N, P, I, O, E, N, H, Z, L",1012,6/27/2026
1,8,5,"W, I, E, W, Q, D, P, Q, Q, H, S, Y, I, Z, T, F",299,6/28/2026
0,0,13,"G, T, H, U, D, K, D, N, T, U, N, W, U, H, S, G",92,6/29/2026
0,7,4,"I, J, C, X, S, Q, Y, T, S, P, K, J, E, B, M, G",404,6/30/2026
0,22,6,"Z, E, U, M, B, G, U, K, V, K, X, V, J, N, L, K",104,7/1/2026
0,13,12,"Z, E, Z, T, U, Y, X, F, B, W, J, I, J, Y, L, Y",154,7/2/2026
0,11,4,"A, L, G, G, C, B, U, N, U, R, X, S, F, P, Q, F",502,7/3/2026
0,6,18,"W, A, N, B, I, Q, B, P, B, O, V, E, R, Q, K, L",857,7/4/2026
0,7,21,"O, N, N, P, P, T, Y, N, E, B, O, R, C, V, X, X",379,7/5/2026
0,3,7,"Z, Y, K, G, N, T, G, K, R, L, C, F, J, S, I, A",1138,7/6/2026
0,11,14,"B, B, Z, A, K, W, C, F, H, Y, F, B, U, G, G, U",113,7/7/2026
0,15,5,"T, C, M, T, K, G, C, M, O, O, H, G, M, Z, V, J",70,7/8/2026
0,12,0,"O, F, N, T, N, F, A, E, R, Q, W, O, O, N, A, O",272,7/9/2026
0,16,16,"D, Q, Z, E, L, K, E, L, X, H, U, H, K, I, T, A",447,7/10/2026
0,11,16,"D, A, O, R, F, T, E, J, Y, J, P, Q, H, M, V, K",856,7/11/2026
0,18,15,"D, C, M, M, K, V, Y, N, S, X, E, R, K, A, E, G",1217,7/12/2026
0,10,13,"A, X, Z, X, B, A, X, X, M, C, X, R, V, V, U, Y",95,7/13/2026
0,21,4,"X, F, U, H, N, P, Z, F, G, W, W, R, Z, D, R, N",45,7/14/2026
0,16,14,"A, K, P, O, L, J, K, F, H, J, K, F, Q, Q, N, X",84,7/15/2026
0,5,15,"N, R, O, M, Z, B, Z, C, G, W, Q, V, X, R, N, X",57,7/16/2026
0,9,4,"Y, O, U, E, H, F, Y, R, G, E, Z, B, G, H, J, Q",217,7/17/2026
1,5,0,"N, O, F, Y, U, F, X, N, S, V, K, J, K, V, D, Y",110,7/18/2026
0,14,13,"T, B, K, C, W, O, Y, A, G, K, T, J, O, F, R, I",553,7/19/2026
0,23,1,"L, K, V, J, B, H, G, I, A, X, P, Q, R, V, S, L",417,7/20/2026
0,12,14,"W, C, Z, G, T, Y, M, Z, F, I, D, N, T, H, U, V",257,7/21/2026
0,6,13,"O, D, O, V, B, S, X, L, D, S, A, M, L, Y, F, N",583,7/22/2026
0,8,24,"U, A, T, A, N, V, Z, T, S, S, S, H, J, J, E, Q",378,7/23/2026
1,5,11,"H, Z, B, I, O, K, G, Y, L, M, Z, M, S, P, I, T",543,7/24/2026
0,20,22,"L, V, Q, Z, L, Z, Q, N, U, D, L, A, X, W, Y, J",86,7/25/2026
0,1,2,"E, D, M, F, Q, M, W, M, I, R, X, A, V, X, T, Y",530,7/26/2026
1,11,18,"K, I, A, X, Y, U, I, C, D, E, T, G, I, B, R, H",1194,7/27/2026
1,2,0,"G, P, C, Y, A, C, D, B, N, V, F, N, R, J, N, I",412,7/28/2026
1,9,3,"Z, P, O, P, L, P, Y, R, Y, N, J, B, S, L, J, I",283,7/29/2026
0,22,5,"H, Y, I, F, P, W, U, R, D, H, U, Q, S, J, Q, A",437,7/30/2026
0,22,11,"J, J, V, Z, O, S, I, F, S, M, N, F, T, N, N, U",269,7/31/2026
1,5,14,"M, U, R, B, Z, E, H, S, L, A, A, O, B, Y, C, N",2856,8/1/2026
1,8,22,"X, W, D, W, I, Y, F, L, H, R, Y, K, F, F, E, G",273,8/2/2026
1,4,1,"R, L, Q, A, M, R, N, E, Q, O, R, G, D, Z, G, I",1158,8/3/2026
1,11,11,"F, X, P, H, Y, A, F, G, Z, N, F, M, L, L, N, R",173,8/4/2026
0,4,8,"A, J, L, I, M, H, R, D, L, T, Q, Z, J, R, D, S",424,8/5/2026
0,14,25,"S, H, R, S, M, T, M, K, U, J, B, U, F, I, G, T",455,8/6/2026
1,5,2,"J, C, F, V, L, T, U, T, P, B, R, E, T, G, Z, O",556,8/7/2026
1,7,14,"Q, V, Q, O, F, Q, J, E, R, G, U, Z, P, K, A, K",254,8/8/2026
0,18,14,"I, A, D, F, M, V, J, C, K, N, I, X, F, M, F, E",359,8/9/2026
0,24,21,"B, M, Y, I, Y, B, S, V, V, G, P, M, Z, F, E, K",178,8/10/2026
1,6,25,"Y, O, Q, N, T, Q, H, C, K, W, Q, Z, I, X, C, A",357,8/11/2026
0,25,20,"Q, C, C, D, D, S, D, T, Y, Y, U, K, E, V, K, K",131,8/12/2026
1,1,6,"P, G, P, G, M, O, X, A, S, I, S, A, F, U, L, U",649,8/13/2026
0,2,3,"C, M, Q, Y, W, B, K, A, E, Y, B, V, A, E, G, Y",166,8/14/2026
0,1,23,"M, H, K, V, S, R, T, L, G, S, A, X, L, R, Q, D",259,8/15/2026
1,7,7,"E, V, T, M, Z, E, X, D, B, C, T, D, P, P, I, Q",221,8/16/2026
0,21,0,"Q, J, T, J, Q, N, E, P, J, Y, M, D, H, X, A, O",470,8/17/2026
0,24,2,"N, D, O, R, E, A, L, A, O, Q, S, Y, V, G, F, R",1731,8/18/2026
0,18,8,"H, B, H, C, D, P, L, U, H, U, U, M, T, J, M, J",67,8/19/2026
0,12,18,"R, I, I, V, H, I, C, R, O, K, Y, X, X, Q, C, C",67,8/20/2026
0,19,15,"Y, S, H, Q, S, G, P, J, P, O, W, Y, P, S, Y, N",118,8/21/2026
1,1,7,"Z, W, U, I, D, G, B, M, M, G, X, L, I, R, H, N",274,8/22/2026
1,11,21,"N, Z, B, T, E, K, D, P, A, D, I, W, A, B, L, N",893,8/23/2026
0,16,6,"C, Y, L, B, T, S, F, C, V, E, B, X, Z, N, I, T",488,8/24/2026
1,8,7,"U, B, L, P, H, V, V, O, Y, J, H, W, O, H, N, I",177,8/25/2026
0,10,2,"N, Q, Z, R, T, Q, S, K, O, S, G, C, J, A, I, C",1036,8/26/2026
0,16,5,"I, C, N, R, G, W, R, D, K, C, M, G, O, E, B, S",1777,8/27/2026
0,19,11,"B, A, D, Y, U, J, K, K, N, C, N, S, R, K, H, U",550,8/28/2026
0,13,0,"Y, U, A, L, A, M, H, M, Z, D, W, A, Y, G, J, Q",188,8/29/2026
0,24,15,"V, T, N, M, J, Q, Z, V, O, R, T, T, J, Z, J, K",25,8/30/2026
0,20,0,"Z, I, C, A, A, S, J, O, Z, S, J, Z, L, P, W, Q",312,8/31/2026
1,3,2,"C, S, Y, I, W, H, G, R, N, U, S, V, P, Z, I, T",810,9/1/2026
1,11,20,"A, E, A, Z, S, C, K, D, P, J, I, Z, R, F, W, F",982,9/2/2026
1,9,20,"X, X, V, E, H, P, F, N, G, Y, Q, T, E, O, O, Q",240,9/3/2026
0,2,1,"W, N, B, N, Q, M, R, T, Z, P, W, T, S, U, O, J",389,9/4/2026
0,2,5,"C, U, M, H, I, I, C, C, U, T, M, X, Z, H, B, D",87,9/5/2026
1,2,22,"N, I, I, D, J, I, V, K, J, B, I, G, G, A, O, O",234,9/6/2026
1,1,9,"P, M, V, U, T, U, W, D, A, B, D, F, P, L, R, T",299,9/7/2026
1,3,20,"S, S, K, S, S, F, X, G, Y, M, A, E, A, M, M, J",196,9/8/2026
0,25,23,"U, Z, Q, A, V, S, B, X, Q, Q, V, P, H, N, P, W",127,9/9/2026
0,22,23,"W, C, K, D, C, U, P, Y, Z, R, N, X, Y, X, P, Y",48,9/10/2026
0,25,10,"Q, U, B, B, Q, N, E, H, X, W, A, C, V, R, G, N",352,9/11/2026
1,11,1,"A, J, O, I, X, X, O, W, F, M, M, Z, O, H, B, M",118,9/12/2026
0,22,1,"S, E, K, V, Z, I, O, R, J, U, W, C, K, H, F, D",1062,9/13/2026
1,8,13,"U, Y, E, C, G, U, Q, X, M, G, V, L, I, O, R, T",778,9/14/2026
0,12,10,"K, O, S, Z, F, A, H, F, V, P, C, G, Q, Y, M, H",357,9/15/2026
0,0,3,"P, V, J, Y, F, S, S, E, P, P, C, U, P, L, E, W",235,9/16/2026
0,5,14,"U, N, J, B, L, V, J, F, D, S, P, Y, H, C, H, R",226,9/17/2026
1,0,7,"R, N, O, U, X, W, R, O, Q, L, O, D, L, P, L, K",152,9/18/2026
0,19,21,"H, W, J, P, A, S, K, E, K, R, K, O, W, Q, N, X",690,9/19/2026
0,7,25,"Y, K, N, I, K, F, M, H, E, V, Q, D, M, H, W, X",184,9/20/2026
0,24,24,"J, R, B, A, M, O, F, K, B, H, R, J, V, G, I, S",582,9/21/2026
0,7,9,"Q, I, Q, B, C, N, Q, N, M, H, V, T, X, M, F, M",41,9/22/2026
0,18,13,"N, F, W, C, E, A, L, D, P, Y, T, M, X, A, R, X",1383,9/23/2026
0,5,8,"L, V, F, V, S, F, W, F, L, J, I, Y, Z, X, J, U",65,9/24/2026
0,21,16,"I, M, W, U, R, Q, O, V, R, G, C, U, T, G, P, C",214,9/25/2026
0,7,6,"K, K, D, Y, K, Y, M, A, O, D, H, L, U, W, W, S",440,9/26/2026
1,9,15,"V, E, F, E, T, E, T, I, C, O, V, U, M, C, R, X",483,9/27/2026
0,14,7,"A, D, M, H, I, S, K, P, A, E, D, V, W, R, X, O",1955,9/28/2026
1,11,6,"Q, M, E, R, W, N, K, R, T, J, D, Y, E, Z, P, J",266,9/29/2026
0,12,24,"P, J, X, A, L, N, D, X, P, C, Z, T, T, I, X, J",166,9/30/2026
0,12,6,"M, T, N, M, W, J, B, V, F, I, E, D, L, S, Q, K",750,10/1/2026
1,5,15,"X, M, U, M, Y, R, G, T, H, J, O, Z, L, I, G, O",340,10/2/2026
0,20,17,"N, J, N, E, U, I, T, O, B, W, F, T, Q, O, Q, O",242,10/3/2026
0,16,1,"P, O, D, Y, M, Z, I, P, B, Y, B, G, L, L, T, Q",240,10/4/2026
1,4,20,"I, K, R, X, V, U, B, U, M, M, P, Z, Y, V, F, C",128,10/5/2026
0,7,7,"F, D, G, P, W, N, G, Y, Y, Q, N, E, Z, P, H, J",67,10/6/2026
1,9,25,"Z, I, O, Q, N, P, T, G, G, T, P, T, X, S, C, N",261,10/7/2026
0,11,12,"D, Q, Y, Q, N, P, P, M, T, T, F, L, U, M, U, Z",76,10/8/2026
1,10,8,"Y, W, W, Y, K, V, P, Z, R, V, Q, I, H, Z, H, H",23,10/9/2026
0,4,11,"N, Z, T, Y, N, M, O, Z, O, U, E, X, Y, G, Y, P",268,10/10/2026
1,9,0,"G, P, Q, E, Y, X, H, N, T, W, P, V, K, Y, Z, B",88,10/11/2026
0,16,7,"B, H, F, I, S, S, R, E, S, E, Z, F, Y, R, N, A",942,10/12/2026
0,1,21,"Y, B, P, M, E, A, J, Q, R, D, A, G, E, S, K, T",1633,10/13/2026
0,24,5,"E, M, D, H, E, J, V, Z, X, H, Q, P, H, I, W, J",99,10/14/2026
1,3,23,"T, H, X, C, G, J, J, K, S, J, Q, N, I, F, O, E",703,10/15/2026
1,2,1,"W, L, B, N, Z, X, G, I, A, Q, P, G, H, C, G, S",542,10/16/2026
1,2,19,"T, O, G, S, F, L, K, K, J, K, M, G, T, X, K, J",62,10/17/2026
0,9,19,"S, U, Q, I, W, U, W, U, K, C, Y, I, X, A, R, V",216,10/18/2026
0,18,6,"L, J, F, U, P, Z, E, Y, Y, D, F, F, Q, K, F, J",94,10/19/2026
1,2,17,"O, D, K, C, P, I, E, L, N, J, W, G, K, V, F, N",733,10/20/2026
0,21,19,"F, F, Q, Z, G, B, V, K, Y, F, C, I, P, M, M, U",93,10/21/2026
1,8,21,"K, D, C, S, P, T, W, E, A, B, O, F, R, H, V, Z",2630,10/22/2026
0,18,9,"C, E, Q, E, K, Y, W, I, U, D, Q, K, B, B, D, R",357,10/23/2026
1,8,10,"D, C, B, P, M, S, R, Y, T, Z, Y, C, Y, R, O, E",713,10/24/2026
1,6,11,"Z, Z, T, B, Q, W, F, Z, H, Y, O, W, D, B, B, D",43,10/25/2026
0,7,2,"J, B, I, B, Z, C, N, R, D, X, K, U, X, F, Z, G",177,10/26/2026
0,18,10,"D, J, C, Q, L, V, N, T, W, Z, I, K, Q, V, G, I",114,10/27/2026
1,4,0,"Q, S, C, R, I, D, N, Y, L, Y, L, S, B, I, H, W",257,10/28/2026
0,3,16,"E, C, E, L, I, M, J, M, O, T, T, X, R, I, K, I",484,10/29/2026
1,10,23,"X, E, W, S, L, X, J, D, A, V, Q, P, K, Y, N, C",797,10/30/2026
0,18,24,"T, T, Q, H, O, M, R, T, B, Q, Q, J, L, C, C, B",77,10/31/2026
0,5,0,"H, V, P, O, E, L, A, P, P, B, W, U, Y, B, O, N",566,11/1/2026
0,12,11,"P, O, M, B, Q, X, Z, H, G, M, E, O, Q, E, Q, W",115,11/2/2026
1,8,17,"Y, D, Y, Y, K, U, X, V, B, N, U, Z, Y, Z, M, Z",30,11/3/2026
0,18,22,"E, W, L, W, D, F, S, P, C, H, L, D, B, B, H, M",149,11/4/2026
0,14,21,"J, B, R, U, P, Z, N, E, T, Q, C, T, C, R, X, J",146,11/5/2026
0,13,13,"V, I, M, J, H, M, U, Q, T, E, E, P, D, Z, Y, T",289,11/6/2026
1,0,9,"C, Y, U, L, K, X, V, Y, T, X, M, K, K, C, C, R",45,11/7/2026
0,4,25,"F, I, A, Y, I, R, C, W, U, E, E, A, A, D, X, Y",426,11/8/2026
0,3,12,"V, R, B, Z, I, P, T, L, F, S, F, T, F, H, X, T",148,11/9/2026
0,22,25,"R, K, M, S, M, J, I, R, U, R, Z, K, O, W, Z, I",118,11/10/2026
0,14,20,"V, D, E, B, K, N, V, D, K, N, B, Z, W, R, F, Q",54,11/11/2026
0,25,7,"P, C, N, S, Q, F, J, H, Z, K, A, D, S, G, Q, U",360,11/12/2026
0,6,1,"K, A, T, K, S, S, N, P, C, W, J, A, K, H, Z, S",337,11/13/2026
1,10,10,"T, N, Z, M, M, Y, O, H, K, S, G, P, H, G, Z, N",191,11/14/2026
0,2,2,"B, V, Y, M, R, R, H, G, D, F, E, C, V, J, M, P",139,11/15/2026
1,2,24,"Y, O, L, R, L, K, P, A, T, Y, R, Z, X, J, X, A",265,11/16/2026
0,11,17,"N, J, H, H, A, S, N, T, S, Y, U, V, O, J, N, X",294,11/17/2026
0,2,15,"Y, U, Z, N, G, G, H, U, Z, W, F, N, Z, X, D, I",106,11/18/2026
1,6,12,"H, V, U, X, I, Y, V, S, K, B, Q, G, I, Z, R, T",256,11/19/2026
1,11,8,"I, A, V, H, J, Q, O, S, V, M, N, J, S, T, W, C",730,11/20/2026
1,3,1,"F, W, F, Q, O, T, M, Q, K, Y, B, F, I, S, C, S",272,11/21/2026
0,5,12,"L, F, P, F, G, O, N, I, G, K, P, V, Q, E, K, A",556,11/22/2026
0,25,6,"Q, N, W, K, D, R, W, S, A, L, F, X, H, D, H, B",271,11/23/2026
1,9,4,"H, F, A, U, L, O, G, R, O, R, Z, I, S, P, G, E",1933,11/24/2026
1,9,1,"S, A, C, A, W, F, G, Z, M, C, J, L, J, N, U, F",329,11/25/2026
1,4,22,"U, A, I, E, P, J, Q, X, L, R, T, M, H, J, Y, D",1402,11/26/2026
1,1,2,"U, E, R, F, N, T, R, T, O, J, O, C, F, H, O, Y",535,11/27/2026
0,15,7,"D, L, S, L, S, L, W, D, B, I, R, M, R, U, J, Q",201,11/28/2026
0,0,9,"J, S, P, X, H, Y, X, U, P, D, R, F, A, E, W, F",735,11/29/2026
0,0,7,"B, B, X, X, T, E, S, H, J, Q, T, U, T, I, I, T",153,11/30/2026
0,0,6,"X, U, S, U, M, E, V, Q, J, G, C, O, F, H, F, B",308,12/1/2026
0,21,10,"A, L, Z, K, O, Q, U, F, K, Y, D, V, W, D, T, N",377,12/2/2026
1,3,21,"S, Y, M, J, F, I, M, P, C, R, G, A, B, K, J, F",550,12/3/2026
0,14,10,"W, L, I, Q, W, D, F, Z, H, X, I, H, R, Y, I, L",49,12/4/2026
1,10,2,"C, V, U, T, J, M, H, M, Z, P, V, R, V, L, Y, O",263,12/5/2026
0,14,2,"P, D, M, C, A, B, O, S, B, R, A, W, M, R, J, B",532,12/6/2026
0,2,8,"C, B, O, Y, Q, D, T, S, O, H, N, C, B, G, J, A",692,12/7/2026
1,6,8,"X, D, G, O, V, R, K, Y, C, O, P, L, Y, M, V, R",211,12/8/2026
1,2,3,"A, C, F, Q, E, U, Q, A, X, W, W, W, Z, Z, O, V",67,12/9/2026
1,3,6,"W, R, X, D, R, D, Q, N, G, O, J, K, O, Y, N, D",106,12/10/2026
0,22,13,"M, I, U, N, B, D, R, M, Y, B, R, T, T, W, V, Y",170,12/11/2026
1,9,8,"L, G, G, J, R, S, Q, S, N, I, J, X, W, T, D, D",166,12/12/2026
0,9,18,"V, G, K, G, P, L, M, L, B, U, D, F, H, N, W, R",133,12/13/2026
0,5,25,"F, T, Y, W, W, I, Y, T, Z, F, R, T, L, O, S, R",246,12/14/2026
0,4,3,"Q, U, I, L, V, M, C, T, C, Q, Y, K, Z, F, I, U",109,12/15/2026
0,21,6,"Z, F, Z, V, K, E, H, V, R, S, N, N, Q, V, Q, V",42,12/16/2026
0,5,19,"Q, S, T, J, D, R, T, O, C, X, B, P, P, Y, H, K",323,12/17/2026
0,14,23,"Q, A, V, I, H, W, J, E, S, B, S, E, Z, A, Q, S",241,12/18/2026
0,18,7,"I, T, P, K, D, Z, R, Q, Q, R, V, P, U, V, F, H",86,12/19/2026
0,6,5,"I, N, V, X, V, H, T, Z, X, B, G, R, X, U, J, S",301,12/20/2026
0,17,19,"Y, H, Q, G, K, M, J, J, Q, M, C, I, L, V, I, T",85,12/21/2026
0,5,11,"B, B, O, Z, N, Z, I, I, M, G, M, T, E, R, R, Q",438,12/22/2026
1,0,3,"G, Q, N, V, E, L, M, M, E, V, X, Y, X, W, V, S",144,12/23/2026
1,7,10,"W, N, J, D, X, B, U, T, T, S, Z, F, C, P, J, N",95,12/24/2026
0,16,4,"S, H, T, D, G, Y, M, X, C, H, O, B, N, Y, E, M",644,12/25/2026
0,15,0,"W, D, D, V, T, G, V, G, L, C, M, U, J, G, J, J",26,12/26/2026
1,2,25,"H, P, C, T, Y, G, Q, L, U, I, Q, W, L, A, D, J",486,12/27/2026
0,25,5,"E, N, S, O, Q, T, I, B, U, W, R, W, B, W, H, J",1091,12/28/2026
0,17,11,"B, Y, W, N, R, O, A, X, W, B, Y, I, K, G, L, R",620,12/29/2026
1,9,22,"I, U, I, O, O, M, Y, O, A, O, B, T, E, E, O, E",172,12/30/2026
0,12,15,"B, I, F, V, S, L, B, H, N, L, R, P, V, I, B, Y",167,12/31/2026
0,0,16,"O, J, L, M, S, D, D, T, O, O, Q, P, O, Y, T, V",199,1/1/2027
1,6,15,"U, H, K, A, C, F, F, D, V, V, T, T, H, E, X, B",333,1/2/2027
0,22,16,"B, L, P, X, D, H, A, B, P, C, W, I, E, W, Z, V",473,1/3/2027
0,15,24,"K, J, O, S, K, S, G, O, X, V, N, M, P, H, V, B",190,1/4/2027
0,8,11,"Z, K, V, E, J, U, L, B, G, H, V, Z, G, R, N, B",181,1/5/2027
0,4,10,"Q, Z, A, V, E, D, K, F, F, B, B, O, T, F, W, I",337,1/6/2027
0,15,8,"L, J, D, G, B, P, J, N, T, B, I, B, I, T, V, R",147,1/7/2027
0,16,15,"R, I, W, V, P, A, Z, C, H, X, B, F, J, N, Z, P",201,1/8/2027
1,11,5,"A, D, C, T, X, B, J, T, B, C, H, W, Y, S, W, X",168,1/9/2027
1,0,8,"M, N, I, U, V, T, U, H, M, L, M, G, T, F, Y, Q",204,1/10/2027
0,23,5,"R, H, G, K, I, Q, N, X, Z, Y, V, M, N, B, S, V",155,1/11/2027
0,25,25,"D, T, M, H, A, C, Y, X, J, A, W, C, W, C, Z, U",145,1/12/2027
0,25,24,"X, J, S, B, O, A, Z, K, B, T, O, R, H, C, Z, T",548,1/13/2027
1,9,18,"V, Z, L, T, E, O, L, Y, L, W, V, C, R, J, S, C",484,1/14/2027
1,7,9,"R, Z, S, M, Z, Z, C, R, I, T, G, U, I, J, Y, D",273,1/15/2027
1,7,4,"N, Y, Y, Q, C, X, S, G, K, I, W, B, H, T, V, V",226,1/16/2027
0,10,21,"R, U, J, G, H, K, Z, Q, Z, E, D, V, W, A, V, P",337,1/17/2027
0,14,18,"R, U, I, U, Z, F, D, K, I, Z, R, G, G, G, M, N",159,1/18/2027
1,7,18,"G, E, B, L, T, S, Y, U, D, N, N, F, L, P, F, S",829,1/19/2027
0,3,25,"A, M, B, M, Y, T, L, U, B, Y, A, P, P, P, N, H",359,1/20/2027
0,20,4,"Z, C, J, O, U, C, U, Q, Y, J, N, J, Z, O, L, R",72,1/21/2027
1,7,3,"X, V, B, B, Q, K, S, V, J, Q, S, F, P, Z, D, A",65,1/22/2027
0,17,0,"N, U, J, M, C, S, C, F, K, M, O, D, W, H, J, U",261,1/23/2027
0,6,12,"S, Q, Z, X, X, J, Z, Q, O, S, P, Q, B, M, K, P",33,1/24/2027
1,11,10,"G, S, R, P, K, J, L, I, A, A, J, W, W, E, N, X",1407,1/25/2027
0,9,22,"Y, H, A, E, D, Y, S, F, K, H, X, V, Z, Q, X, Z",176,1/26/2027
0,22,8,"V, K, P, V, Q, H, S, H, C, G, Z, B, M, T, A, M",195,1/27/2027
0,8,1,"U, H, F, T, P, P, G, M, V, I, K, V, W, S, I, T",266,1/28/2027
1,7,8,"M, A, Y, Z, Y, Z, Y, U, A, M, S, I, N, I, X, B",240,1/29/2027
0,24,9,"J, T, K, N, L, R, J, G, A, V, K, A, U, A, S, V",507,1/30/2027
0,11,13,"W, A, H, A, C, W, K, T, B, R, D, B, F, B, K, D",184,1/31/2027
0,24,11,"Z, O, D, I, H, Q, R, S, D, V, O, Z, K, Y, U, N",432,2/1/2027
0,13,18,"T, G, C, N, X, I, J, Y, T, A, F, Z, F, L, Q, R",475,2/2/2027
1,3,9,"S, D, I, Y, H, C, P, S, Y, Z, X, F, L, C, R, E",729,2/3/2027
1,6,10,"A, G, L, G, Y, K, J, E, Z, Z, A, W, H, S, L, G",380,2/4/2027
0,2,12,"O, W, L, W, V, Z, H, M, L, V, O, I, I, I, B, U",110,2/5/2027
0,24,0,"W, C, K, A, D, L, W, I, J, T, K, N, A, H, T, J",347,2/6/2027
0,10,0,"O, O, E, H, R, V, Y, J, N, L, Q, B, Y, X, X, W",274,2/7/2027
1,7,20,"I, Q, P, E, F, W, Y, R, N, I, P, H, K, X, S, H",519,2/8/2027
1,4,11,"V, D, Q, J, G, C, J, R, F, M, B, O, I, A, N, U",863,2/9/2027
0,5,22,"T, R, G, Q, A, X, O, C, M, B, T, T, L, Q, H, E",885,2/10/2027
1,8,2,"P, S, J, D, J, Y, P, M, N, Y, U, A, Y, F, Q, N",198,2/11/2027
0,10,9,"O, D, C, Z, K, Y, O, U, Q, E, O, O, M, Q, T, F",212,2/12/2027
0,20,20,"H, Q, A, T, O, F, F, O, D, K, R, G, B, P, Z, K",349,2/13/2027
1,5,25,"T, C, W, C, S, T, R, A, R, C, M, A, L, E, H, D",1479,2/14/2027
1,11,2,"R, H, G, H, H, C, A, P, I, B, T, A, J, K, G, H",332,2/15/2027
0,15,19,"O, R, Y, D, P, Z, V, R, D, N, Z, V, U, R, O, K",119,2/16/2027
1,8,11,"K, T, S, I, O, I, H, B, J, B, D, S, O, V, R, J",422,2/17/2027
1,12,9,"H, S, R, R, Z, T, V, V, Q, V, G, Q, N, E, G, U",230,2/18/2027
0,9,8,"H, R, A, Z, W, O, S, Y, J, P, H, A, H, M, E, K",945,2/19/2027
0,14,8,"P, T, M, S, V, M, N, Q, C, T, K, V, X, U, J, S",102,2/20/2027
0,23,14,"X, V, G, F, B, N, F, C, J, Q, I, I, H, I, A, Z",134,2/21/2027
1,6,13,"Q, W, V, W, Q, Q, X, Q, Q, S, W, A, V, N, O, K",62,2/22/2027
0,23,16,"X, K, M, A, R, G, P, C, N, R, L, B, I, V, B, T",666,2/23/2027
0,16,3,"D, E, G, P, L, V, P, L, C, I, N, I, V, Y, S, Z",632,2/24/2027
0,14,22,"F, P, T, F, S, R, C, G, I, C, L, J, C, B, I, R",189,2/25/2027
1,4,12,"F, Z, B, C, V, L, Z, A, D, P, S, X, V, T, O, I",803,2/26/2027
1,2,23,"Z, M, V, Y, M, T, O, C, T, D, Q, L, J, S, Y, U",243,2/27/2027
0,3,19,"V, E, J, O, I, F, V, O, J, Y, G, L, B, L, W, K",323,2/28/2027
0,5,18,"S, K, P, C, A, O, B, Y, M, B, G, B, R, K, S, Z",611,3/1/2027
0,11,19,"T, V, S, Y, J, X, A, K, F, J, F, N, A, Z, M, J",162,3/2/2027
1,9,14,"V, A, J, M, Y, C, A, P, W, I, I, K, D, B, F, C",208,3/3/2027
0,17,16,"X, I, W, Q, D, A, C, K, L, M, I, L, O, J, K, T",349,3/4/2027
0,0,11,"W, O, V, W, W, I, H, S, I, Z, S, U, O, X, K, B",146,3/5/2027
1,8,24,"T, N, T, K, K, S, U, X, L, H, K, K, X, D, L, D",63,3/6/2027
0,3,18,"W, T, O, E, O, G, G, K, X, X, J, A, W, B, G, S",331,3/7/2027
1,0,6,"Q, T, G, D, N, H, N, J, N, S, Y, K, L, V, U, I",472,3/8/2027
1,3,15,"Q, U, V, C, H, S, M, Y, U, K, V, N, Z, M, P, V",116,3/9/2027
0,7,10,"Y, X, K, J, V, J, S, N, I, E, Q, W, S, E, S, Z",233,3/10/2027
1,9,24,"A, V, Z, W, I, I, J, H, G, H, B, W, E, Z, H, A",89,3/11/2027
0,23,17,"Q, J, I, I, Y, T, Q, P, T, J, S, B, B, V, K, S",75,3/12/2027
0,0,25,"D, J, E, I, H, A, J, B, W, Y, R, R, M, L, S, M",1646,3/13/2027
0,19,2,"H, J, O, W, B, K, X, E, N, V, Y, F, H, T, A, G",529,3/14/2027
1,2,7,"L, M, H, O, N, Y, V, I, Y, P, J, D, N, W, V, L",235,3/15/2027
1,0,16,"W, F, Y, M, Q, K, G, P, J, Z, Q, J, Z, O, B, K",32,3/16/2027
0,14,17,"E, B, B, S, Y, G, Q, X, A, W, A, E, H, C, W, C",257,3/17/2027
0,8,9,"Y, M, S, C, N, B, J, Y, X, L, I, C, M, C, F, E",259,3/18/2027
1,8,4,"Y, V, J, V, B, V, L, W, B, S, O, Y, N, U, R, P",267,3/19/2027
0,12,5,"C, Q, B, O, A, E, I, T, M, H, G, V, G, D, H, S",1508,3/20/2027
0,18,20,"R, X, S, Z, Y, P, O, C, C, O, N, S, J, N, E, T",786,3/21/2027
0,0,20,"H, H, K, K, V, I, T, A, C, M, V, B, V, W, W, V",119,3/22/2027
0,19,19,"I, S, J, S, S, Q, M, U, J, O, N, Y, J, O, N, Z",156,3/23/2027
1,0,5,"W, J, G, W, W, L, Z, T, C, R, X, U, X, K, Y, H",70,3/24/2027
0,23,8,"A, H, S, Q, O, R, K, P, R, H, X, L, P, S, U, A",475,3/25/2027
0,19,1,"B, R, G, H, C, S, I, X, W, V, M, A, R, V, L, Q",484,3/26/2027
0,22,18,"B, U, D, Z, F, K, T, G, V, B, T, Q, R, I, Q, A",301,3/27/2027
0,9,12,"N, T, Y, P, Y, V, Y, Z, T, A, M, W, N, T, N, E",175,3/28/2027
0,3,10,"M, G, A, N, I, U, D, W, A, J, C, J, Y, U, R, I",534,3/29/2027
1,2,9,"Z, C, H, W, F, M, O, K, V, C, K, U, K, E, V, J",100,3/30/2027
1,10,25,"G, O, P, H, O, O, V, W, I, K, I, R, B, M, J, T",296,3/31/2027
0,25,1,"X, E, R, P, G, U, B, L, Q, C, K, F, O, C, M, O",600,4/1/2027
0,7,19,"U, R, C, A, Q, Z, K, E, G, K, I, E, X, G, K, L",408,4/2/2027
0,2,22,"I, B, F, E, P, C, I, B, H, W, Z, H, J, F, L, I",113,4/3/2027
0,6,23,"Z, H, I, S, O, E, S, Z, H, T, A, C, W, J, X, G",792,4/4/2027
0,3,8,"N, Q, U, K, N, X, S, I, C, J, O, G, V, P, R, F",606,4/5/2027
0,9,17,"A, Z, E, M, L, D, I, S, X, J, Z, X, T, Z, A, A",572,4/6/2027
0,24,4,"U, L, W, T, S, Q, X, Z, Q, X, G, P, N, P, J, S",78,4/7/2027
0,11,25,"B, R, S, K, T, J, U, U, C, C, P, X, U, N, L, J",214,4/8/2027
1,5,3,"O, F, P, U, V, B, K, D, H, D, U, X, B, D, J, M",80,4/9/2027
0,10,25,"V, N, S, O, C, U, S, K, K, J, P, G, W, B, Y, C",314,4/10/2027
1,5,24,"W, Z, P, L, Q, S, D, W, M, E, S, K, I, O, C, I",876,4/11/2027
1,10,7,"Z, I, I, D, U, W, W, Z, G, Y, J, B, W, I, Z, Z",28,4/12/2027
0,21,22,"D, N, D, C, K, Y, X, O, N, K, H, Z, U, B, X, B",137,4/13/2027
1,11,7,"U, W, Q, A, X, G, Q, J, R, Q, X, Z, I, E, T, F",297,4/14/2027
1,10,18,"I, A, I, D, V, N, I, F, R, K, P, H, A, Z, Q, Z",245,4/15/2027
0,24,25,"Q, Y, M, H, M, A, U, Q, W, Q, X, Y, N, R, X, U",83,4/16/2027
0,9,0,"I, Y, P, R, W, F, Q, S, I, M, S, Q, D, T, O, G",595,4/17/2027
0,12,16,"W, H, F, T, O, Q, Y, X, Z, U, P, E, W, B, Y, S",398,4/18/2027
1,10,5,"F, N, W, H, G, D, D, B, Y, B, J, V, D, I, H, T",91,4/19/2027
0,24,6,"O, B, N, Q, P, U, U, K, K, S, T, D, K, T, G, Q",294,4/20/2027
0,14,4,"J, X, J, S, D, P, B, I, A, Y, D, J, K, N, C, N",350,4/21/2027
0,9,14,"Y, U, K, M, P, H, U, V, Q, R, Y, W, J, M, A, O",253,4/22/2027
0,0,18,"N, H, S, Y, I, R, V, H, Q, X, C, Q, R, T, F, O",376,4/23/2027
0,18,19,"B, P, C, X, P, D, B, H, K, W, T, A, Y, W, H, G",130,4/24/2027
0,4,6,"H, N, G, R, B, G, P, F, A, P, I, E, Y, N, H, Y",577,4/25/2027
1,10,24,"V, P, H, J, Z, C, I, T, T, Y, P, K, X, W, T, Y",76,4/26/2027
0,3,14,"I, K, G, K, J, G, B, M, U, Y, K, T, H, J, E, S",364,4/27/2027
0,16,13,"R, M, U, W, N, T, U, E, M, R, A, V, X, T, U, M",287,4/28/2027
0,6,21,"Z, G, D, O, U, I, G, O, G, T, B, B, N, D, R, Z",379,4/29/2027
1,9,12,"C, O, K, Q, D, A, X, C, W, V, A, P, C, R, Y, F",262,4/30/2027
1,12,3,"F, R, F, A, D, M, R, C, G, L, D, Z, W, Z, K, Z",101,5/1/2027
0,15,20,"A, M, A, E, G, Q, W, G, C, P, A, M, Y, S, E, S",366,5/2/2027
1,7,15,"X, R, A, X, S, L, O, Y, L, Y, Q, P, B, M, W, F",590,5/3/2027
0,23,19,"C, S, M, Y, P, U, U, B, X, U, W, L, I, J, E, X",415,5/4/2027
0,22,7,"J, D, Y, K, M, X, R, H, R, M, R, E, N, M, I, Z",196,5/5/2027
0,22,2,"G, W, E, Z, U, C, F, T, W, S, U, P, N, U, O, Y",570,5/6/2027
1,0,25,"X, J, A, E, Y, H, W, Y, I, F, R, D, D, Q, D, G",363,5/7/2027
1,5,19,"T, Q, D, V, D, V, Y, Z, S, N, E, D, O, Y, M, R",459,5/8/2027
0,23,9,"Y, J, F, Z, K, J, A, K, B, C, K, H, Z, Q, Z, U",62,5/9/2027
0,11,20,"B, F, N, E, B, H, M, G, B, U, S, A, P, C, Z, K",806,5/10/2027
1,4,21,"M, X, W, X, Q, Q, X, D, L, S, Q, T, Q, O, T, D",64,5/11/2027
0,20,10,"L, I, X, D, X, F, V, L, R, B, N, I, J, K, G, P",177,5/12/2027
1,8,12,"P, I, H, T, U, K, I, D, G, J, V, F, U, E, Q, Y",252,5/13/2027
1,4,23,"M, Q, O, O, U, D, D, N, N, B, V, K, T, R, G, W",343,5/14/2027
0,23,21,"P, G, P, E, T, K, T, F, I, W, T, W, P, O, Z, O",142,5/15/2027
1,2,16,"B, M, Z, M, L, W, G, U, Z, N, N, P, I, I, T, X",241,5/16/2027
1,6,18,"Y, S, G, T, H, H, A, V, Q, C, N, S, J, D, T, V",232,5/17/2027
0,5,21,"K, P, K, Y, X, T, T, U, R, Q, N, S, Z, Q, F, Q",112,5/18/2027
0,22,3,"O, I, U, K, F, Z, L, O, U, H, Y, B, S, Y, A, C",753,5/19/2027
1,1,17,"B, K, N, P, R, H, W, H, L, T, Q, Z, R, O, S, Y",376,5/20/2027
1,2,13,"Z, Q, U, B, X, X, G, U, Z, D, X, Z, G, B, A, S",60,5/21/2027
0,25,22,"W, P, Q, A, H, K, K, N, F, G, S, O, X, H, T, U",655,5/22/2027
1,10,15,"U, D, N, P, D, I, H, F, D, U, O, E, I, H, T, W",438,5/23/2027
1,6,7,"S, K, M, B, J, G, J, U, F, S, Y, T, O, I, P, R",945,5/24/2027
1,1,5,"O, B, I, D, G, J, Z, E, Y, K, C, S, Q, Q, H, G",453,5/25/2027
0,0,2,"L, D, C, C, S, M, R, A, X, U, X, X, X, P, K, G",455,5/26/2027
1,9,13,"G, B, N, R, A, N, V, R, N, W, Z, N, W, I, P, R",159,5/27/2027
1,6,16,"S, P, O, J, D, C, U, G, M, P, R, G, X, P, S, L",388,5/28/2027
0,25,13,"Q, M, U, C, Q, O, Z, K, Y, J, N, O, T, F, Y, C",120,5/29/2027
0,13,4,"Q, Q, F, U, P, R, H, S, D, X, S, Z, A, C, C, K",319,5/30/2027
0,22,22,"W, F, R, B, W, L, L, S, P, C, Q, I, T, Y, U, S",528,5/31/2027
0,2,19,"E, G, H, R, Z, H, A, T, N, O, O, S, Q, X, S, W",1242,6/1/2027
1,11,3,"A, V, I, O, B, B, H, P, Y, E, D, C, X, T, E, U",1011,6/2/2027
0,0,17,"P, J, D, B, P, C, V, Y, T, K, L, V, U, V, W, T",52,6/3/2027
1,1,12,"O, N, Y, Q, A, K, Q, L, J, G, H, K, E, T, Q, B",491,6/4/2027
0,17,13,"X, S, F, H, N, I, X, U, K, X, Q, B, A, J, O, G",539,6/5/2027
0,22,4,"I, U, Z, I, H, U, P, K, I, X, K, E, X, N, Z, U",57,6/6/2027
0,13,22,"A, L, F, T, U, P, Q, C, X, W, K, Y, W, Y, T, V",192,6/7/2027
1,1,4,"T, M, S, E, K, X, C, Q, H, W, H, S, O, R, I, E",1432,6/8/2027
0,6,10,"W, R, C, A, S, G, C, P, W, T, P, H, M, V, Y, B",504,6/9/2027
0,11,10,"U, T, U, E, O, D, F, E, P, H, E, Y, V, F, J, F",202,6/10/2027
0,18,1,"Z, X, S, T, E, O, D, B, V, L, Z, R, T, E, T, N",979,6/11/2027
1,9,5,"S, I, S, O, M, S, X, J, S, N, G, U, O, O, K, O",237,6/12/2027
0,25,21,"E, Q, Y, S, G, G, R, J, X, N, K, N, N, L, S, N",98,6/13/2027
0,20,6,"P, V, S, U, A, K, K, Y, A, I, B, S, J, X, Z, T",383,6/14/2027
0,12,23,"P, X, Q, U, J, Q, D, X, N, E, I, H, N, I, O, C",318,6/15/2027
1,10,17,"O, H, Z, T, C, J, D, T, E, D, C, D, A, H, O, A",243,6/16/2027
1,1,1,"W, P, T, E, L, R, Y, Z, Z, F, W, O, M, O, R, H",560,6/17/2027
0,24,18,"Z, B, J, D, Z, M, V, A, U, D, E, F, D, X, P, M",179,6/18/2027
0,20,18,"A, Z, A, U, W, J, V, E, V, S, A, R, N, Z, A, Z",206,6/19/2027
0,10,20,"W, H, B, C, W, I, V, T, P, Z, A, N, D, Y, R, E",1651,6/20/2027
0,11,24,"J, X, G, F, Y, X, M, N, S, Y, G, S, R, D, E, I",500,6/21/2027
0,13,19,"J, B, M, W, G, U, Z, X, O, X, C, E, W, H, S, Z",272,6/22/2027
0,7,23,"O, R, G, M, U, C, Z, G, G, L, I, F, G, M, U, C",137,6/23/2027
0,7,0,"X, Q, R, W, V, S, Y, A, H, U, N, N, S, Q, X, I",283,6/24/2027
0,11,22,"X, M, L, M, Y, D, Y, J, B, E, Q, W, Y, I, K, N",236,6/25/2027
0,5,16,"Z, W, Z, D, G, W, T, I, W, I, Z, M, Q, I, T, I",24,6/26/2027
0,20,19,"N, D, Z, D, B, W, K, O, C, L, U, I, L, E, B, P",858,6/27/2027
1,3,12,"Q, S, G, J, I, A, E, N, J, L, U, G, S, P, U, Z",813,6/28/2027
1,4,16,"E, T, W, I, C, N, M, D, K, N, A, P, P, B, K, D",726,6/29/2027
0,21,23,"F, A, X, I, X, T, D, Z, H, A, C, G, X, M, L, X",274,6/30/2027
0,15,9,"R, H, U, Q, M, P, S, N, E, W, B, M, W, X, W, J",267,7/1/2027
1,9,16,"B, V, X, W, G, C, X, S, X, A, P, D, L, F, A, W",197,7/2/2027
0,4,18,"H, P, R, A, T, Y, W, G, R, W, Y, L, F, O, N, D",737,7/3/2027
0,23,2,"G, H, Q, G, Y, W, U, M, W, H, U, W, V, E, D, M",70,7/4/2027
0,25,16,"S, W, D, H, B, L, T, E, N, C, I, Q, F, R, D, W",1194,7/5/2027
0,4,20,"X, L, D, U, J, N, N, X, Z, X, E, B, U, D, M, X",88,7/6/2027
0,17,3,"H, C, N, U, R, Y, A, J, I, B, F, T, Q, C, H, I",514,7/7/2027
1,11,17,"H, F, D, B, D, Z, T, P, W, M, F, F, D, C, O, V",72,7/8/2027
0,18,11,"E, E, C, X, I, F, B, E, L, C, C, G, N, Q, Q, L",144,7/9/2027
0,15,11,"L, I, N, G, Z, K, R, Y, W, I, P, Y, F, V, Y, Z",133,7/10/2027
0,2,14,"O, D, T, D, N, Y, I, F, U, Z, O, F, Q, K, H, C",350,7/11/2027
1,10,20,"L, B, T, F, U, F, E, S, X, F, M, Y, M, E, J, X",332,7/12/2027
1,2,18,"O, Y, Q, G, H, I, N, F, U, O, E, B, M, U, J, B",332,7/13/2027
1,8,25,"V, Q, M, B, Y, M, X, W, D, A, M, E, S, J, W, F",219,7/14/2027
0,13,8,"S, J, C, O, J, K, V, U, U, G, Y, O, M, X, W, D",211,7/15/2027
0,10,22,"X, M, Z, T, E, N, X, U, C, F, X, X, K, C, R, H",192,7/16/2027
0,10,5,"I, Q, W, D, C, Y, L, D, Q, Z, B, D, P, D, V, Y",28,7/17/2027
0,13,16,"V, C, Q, C, Z, B, K, U, J, K, N, B, O, R, T, D",176,7/18/2027
1,0,2,"H, T, Q, U, Q, Q, Q, W, F, K, K, N, Y, B, V, I",79,7/19/2027
0,12,21,"Y, O, W, M, T, L, T, H, S, W, A, E, X, M, C, N",1591,7/20/2027
0,7,3,"C, H, N, K, N, E, K, R, Z, D, Y, M, S, Q, M, P",253,7/21/2027
0,23,22,"N, O, P, U, O, J, K, M, E, K, J, D, F, J, B, U",239,7/22/2027
1,10,21,"L, G, W, T, D, K, B, O, K, X, D, E, W, X, N, K",252,7/23/2027
1,6,1,"M, P, P, T, D, L, T, G, A, C, W, P, E, Y, I, I",871,7/24/2027
1,3,16,"B, S, Q, W, G, S, G, U, X, Z, T, C, C, I, K, V",142,7/25/2027
0,12,13,"F, Y, J, D, P, D, J, T, X, S, O, X, I, J, Q, F",142,7/26/2027
0,22,17,"X, Q, A, F, T, F, T, A, E, V, U, G, L, E, O, W",443,7/27/2027
1,1,20,"A, C, U, R, H, Y, S, O, P, X, F, W, I, J, D, V",1133,7/28/2027
1,4,24,"Z, D, R, G, H, D, C, S, E, K, E, X, G, C, S, N",319,7/29/2027
0,17,21,"A, Y, J, B, X, L, J, P, C, C, U, K, Q, B, Z, G",156,7/30/2027
0,6,15,"X, W, E, J, F, R, B, S, A, E, E, W, D, L, T, M",1461,7/31/2027
0,22,19,"J, A, S, D, G, E, O, K, Q, K, O, S, E, N, P, Q",603,8/1/2027
0,15,12,"S, E, X, C, B, X, R, J, X, S, P, V, A, F, H, V",439,8/2/2027
0,20,5,"H, E, H, R, P, J, Z, A, Z, Q, H, O, U, E, H, E",128,8/3/2027
0,15,23,"M, I, B, P, H, X, F, C, R, E, Y, N, A, R, H, V",906,8/4/2027
0,2,23,"W, F, B, F, F, Z, I, T, K, Z, J, Q, D, R, K, D",44,8/5/2027
1,2,12,"F, F, N, X, G, U, N, A, V, L, R, N, Q, P, P, Y",207,8/6/2027
0,21,17,"U, L, W, M, B, W, C, Z, D, L, Q, T, J, E, D, T",152,8/7/2027
0,16,20,"J, N, A, U, Z, Z, S, P, Z, P, B, A, T, S, Y, I",488,8/8/2027
0,17,12,"U, V, U, Y, A, H, Z, Y, S, Q, E, P, Z, Y, L, Y",293,8/9/2027
0,13,11,"Y, D, Y, T, A, I, A, Y, X, V, X, H, J, E, X, E",168,8/10/2027
0,17,2,"S, Z, K, R, Y, K, C, V, J, Z, P, V, E, O, U, Z",362,8/11/2027
1,1,23,"C, L, B, L, H, N, U, Q, N, X, U, C, A, Z, P, I",251,8/12/2027
0,18,4,"T, D, S, C, K, X, E, T, V, K, E, M, M, O, I, V",602,8/13/2027
1,5,23,"V, T, G, Z, Q, K, G, A, I, T, S, K, L, Y, E, K",531,8/14/2027
0,8,12,"W, M, B, D, V, G, K, L, B, U, D, B, D, B, F, W",27,8/15/2027
0,7,15,"B, B, W, R, E, E, G, J, M, V, S, I, H, O, O, F",866,8/16/2027
0,1,9,"Y, N, Q, X, X, T, D, Z, V, T, C, H, B, S, W, I",179,8/17/2027
0,10,24,"K, C, W, S, Q, Z, B, S, C, O, U, C, N, A, U, F",315,8/18/2027
0,15,21,"B, Y, X, Z, H, R, Y, Z, Q, S, U, X, M, P, R, C",138,8/19/2027
1,0,22,"I, F, D, X, R, O, X, I, R, W, M, P, O, E, K, M",404,8/20/2027
0,0,1,"Y, S, G, Y, A, Y, J, S, M, P, C, Y, T, B, G, S",188,8/21/2027
1,8,19,"F, D, F, E, X, B, Y, X, O, M, J, Q, T, E, I, E",232,8/22/2027
0,15,3,"N, S, M, T, K, I, Z, A, E, Y, P, L, O, S, N, Q",2577,8/23/2027
1,6,22,"L, K, B, K, W, R, Q, D, A, I, J, F, I, T, W, V",264,8/24/2027
0,0,21,"Y, D, N, F, M, Y, S, Y, H, N, P, Y, K, X, O, T",197,8/25/2027
0,10,4,"H, H, N, V, L, A, F, M, V, Q, V, P, A, K, K, Q",87,8/26/2027
0,3,21,"Y, X, B, R, K, S, V, O, P, Z, F, B, S, E, M, S",400,8/27/2027
1,1,14,"Q, D, Y, R, G, T, M, Y, Q, A, V, S, T, O, R, G",370,8/28/2027
1,2,20,"X, L, Y, R, I, E, R, H, M, C, S, F, Y, J, B, Z",484,8/29/2027
0,16,25,"J, T, T, J, D, H, H, L, K, G, Q, I, N, K, W, W",81,8/30/2027
1,3,8,"O, N, U, T, U, Z, W, C, A, H, B, V, B, S, U, N",501,8/31/2027
0,15,18,"O, G, H, S, C, V, D, I, X, Y, U, O, V, A, X, C",377,9/1/2027
0,25,15,"Y, G, J, U, O, C, G, T, K, V, G, D, P, S, D, E",604,9/2/2027
0,22,14,"Y, H, N, S, A, U, P, F, C, B, I, R, N, L, K, E",3649,9/3/2027
1,7,23,"S, S, P, L, U, C, U, V, Z, V, F, Z, C, W, W, Q",37,9/4/2027
0,1,16,"H, D, T, U, H, X, C, M, P, R, P, M, U, C, Y, Z",102,9/5/2027
1,3,11,"C, L, D, Q, B, F, I, L, D, A, Q, E, W, S, Z, F",603,9/6/2027
0,19,24,"J, T, O, F, J, S, S, W, I, L, N, O, B, W, Z, E",835,9/7/2027
0,10,12,"X, M, G, L, R, I, A, F, F, V, R, I, C, H, A, I",298,9/8/2027
0,21,2,"U, P, F, R, G, A, T, S, D, Y, U, L, P, H, K, G",853,9/9/2027
1,1,13,"U, B, J, F, B, F, B, W, M, Z, B, O, C, L, X, S",161,9/10/2027
0,11,5,"N, S, W, D, P, I, O, R, B, N, O, T, M, E, I, C",2977,9/11/2027
1,2,4,"K, L, A, Z, J, E, F, E, L, E, N, D, M, B, G, Y",641,9/12/2027
1,12,5,"A, S, G, D, E, Y, B, R, X, R, J, R, E, R, K, P",787,9/13/2027
0,16,24,"S, W, F, V, J, R, Z, A, C, S, Z, O, E, X, O, N",675,9/14/2027
1,5,5,"U, F, R, M, H, C, J, I, F, L, Y, D, H, D, Y, W",158,9/15/2027
0,19,3,"G, K, O, H, Q, I, L, T, R, S, V, K, C, U, N, I",1310,9/16/2027
0,6,6,"T, D, D, M, X, N, V, X, Q, Y, Z, J, F, E, Q, Q",46,9/17/2027
1,11,19,"Y, G, E, V, N, H, E, S, T, Z, U, E, B, K, B, H",382,9/18/2027
0,1,15,"L, S, G, A, P, P, I, H, I, R, P, I, I, Q, T, I",390,9/19/2027
0,2,24,"S, X, A, U, I, F, F, X, M, U, N, L, U, V, C, H",478,9/20/2027
1,1,19,"O, M, P, K, O, S, T, C, A, N, S, M, X, C, I, U",1377,9/21/2027
1,12,6,"H, D, M, X, V, C, U, C, G, K, J, Q, B, Q, K, G",32,9/22/2027
0,6,16,"K, E, Y, M, L, Q, M, T, W, K, L, N, B, M, A, J",327,9/23/2027
1,10,6,"X, A, I, Q, C, R, K, I, F, Q, R, S, H, E, Y, F",625,9/24/2027
0,25,0,"M, V, M, U, I, D, V, E, R, C, D, V, K, S, F, S",625,9/25/2027
0,2,6,"Z, H, P, A, A, E, X, Y, Q, G, H, X, A, N, M, T",304,9/26/2027
1,4,19,"Z, K, B, O, D, H, A, M, H, A, O, R, P, T, I, V",667,9/27/2027
0,5,10,"B, H, C, W, F, B, M, X, N, C, Y, M, U, K, A, Q",171,9/28/2027
0,14,6,"W, T, G, Q, I, Z, C, B, X, J, Y, K, T, R, Z, D",87,9/29/2027
0,0,8,"M, F, O, V, U, A, U, P, F, D, K, I, X, G, N, X",397,9/30/2027
0,1,12,"K, X, B, W, D, J, H, I, S, O, S, H, S, N, M, H",281,10/1/2027
1,5,22,"I, K, O, K, U, Z, Q, O, V, W, D, N, A, S, M, G",792,10/2/2027
0,9,1,"X, Y, Y, O, A, O, Q, W, C, A, X, X, X, S, P, P",131,10/3/2027
0,23,25,"A, B, E, C, Z, U, W, Q, I, Z, S, U, S, U, X, F",230,10/4/2027
1,10,12,"M, V, Q, J, D, M, W, M, C, W, Q, W, B, B, W, A",22,10/5/2027
0,5,2,"M, T, Q, K, I, J, B, X, I, B, B, U, M, Y, C, S",178,10/6/2027
0,15,13,"P, W, N, G, H, X, O, X, N, X, U, E, A, E, Q, D",408,10/7/2027
0,14,1,"D, O, O, N, J, N, V, K, B, N, A, R, W, S, E, E",1268,10/8/2027
0,24,23,"A, Y, R, R, O, H, Y, B, M, Q, S, C, R, M, F, I",594,10/9/2027
0,5,4,"H, W, P, B, M, C, E, C, M, O, G, H, J, G, V, M",99,10/10/2027
1,9,2,"F, U, U, A, I, M, G, H, P, Y, X, D, W, G, K, K",220,10/11/2027
0,11,8,"Z, E, G, A, W, L, X, Y, N, A, P, D, Y, V, W, L",416,10/12/2027
0,25,2,"D, Y, L, U, K, R, J, S, L, U, M, U, H, J, X, W",108,10/13/2027
1,6,9,"C, H, V, K, C, L, L, P, U, N, M, X, W, O, N, S",376,10/14/2027
0,20,2,"G, O, D, V, D, U, J, Y, C, T, K, K, K, R, Z, K",135,10/15/2027
0,23,4,"N, V, H, Y, B, W, Y, K, J, E, Z, E, W, B, W, T",99,10/16/2027
1,6,3,"S, X, E, O, V, D, Q, R, P, G, H, C, Z, Y, R, C",576,10/17/2027
0,5,7,"G, A, J, J, I, D, W, Y, N, E, R, W, I, Z, Q, X",434,10/18/2027
0,20,11,"C, P, U, D, H, E, T, T, D, K, D, C, D, G, E, Y",221,10/19/2027
1,5,6,"S, A, H, D, Y, J, V, O, C, L, P, S, H, L, Z, N",587,10/20/2027
0,8,17,"X, R, U, R, X, D, A, H, S, U, A, E, F, N, O, D",872,10/21/2027
0,10,14,"E, Y, I, J, V, J, K, A, J, C, X, N, T, O, L, F",935,10/22/2027
0,2,18,"R, M, N, H, C, C, R, R, M, L, N, W, U, H, V, S",75,10/23/2027
0,8,21,"Y, S, Q, L, D, A, W, T, F, S, L, E, Y, O, V, X",935,10/24/2027
0,9,2,"Q, I, R, O, X, Q, I, W, D, Q, X, T, Z, F, D, Z",62,10/25/2027
